TimePeriod,Area_Name,Indicator_Name,Data_Value
2001, Jammu & Kashmir,Non-Plan Budget,198609000
2001, Himachal Pradesh,Non-Plan Budget,48120000
2001, Punjab,Non-Plan Budget,469715000
2001,Chandigarh,Non-Plan Budget,21803000
2001, Uttarakhand,Non-Plan Budget,85359500
2001, Haryana,Non-Plan Budget,148985000
2001,Delhi,Non-Plan Budget,249600000
2001, Rajasthan,Non-Plan Budget,290687000
2001, Uttar Pradesh,Non-Plan Budget,1137909000
2001, Bihar,Non-Plan Budget,580992000
2001, Sikkim,Non-Plan Budget,11400000
2001, Nagaland,Non-Plan Budget,66392000
2001, Manipur,Non-Plan Budget,45621000
2001, Mizoram,Non-Plan Budget,46400000
2001, Tripura,Non-Plan Budget,56924000
2001, Meghalaya,Non-Plan Budget,19689437
2001, Assam,Non-Plan Budget,152985000
2001, West Bengal,Non-Plan Budget,703382000
2001, Jharkhand,Non-Plan Budget,223706000
2001, Odisha,Non-Plan Budget,280312000
2001, Chhattisgarh,Non-Plan Budget,93797123
2001, Madhya Pradesh,Non-Plan Budget,643455000
2001, Gujarat,Non-Plan Budget,239046000
2001,Daman & Diu,Non-Plan Budget,1630000
2001,Dadra & Nagar Haveli,Non-Plan Budget,500000
2001, Maharashtra,Non-Plan Budget,484387000
2001, Andhra Pradesh,Non-Plan Budget,700390000
2001, Karnataka,Non-Plan Budget,253900000
2001, Goa,Non-Plan Budget,22496000
2001,Lakshadweep,Non-Plan Budget,50000
2001, Kerala,Non-Plan Budget,201368000
2001, Tamil Nadu,Non-Plan Budget,502761000
2001,Puducherry,Non-Plan Budget,9345000
2001,Andaman & Nicobar Islands,Non-Plan Budget,10000000
2002, Jammu & Kashmir,Non-Plan Budget,206072800
2002, Himachal Pradesh,Non-Plan Budget,49915000
2002, Punjab,Non-Plan Budget,522465000
2002,Chandigarh,Non-Plan Budget,23300000
2002, Uttarakhand,Non-Plan Budget,89849000
2002, Haryana,Non-Plan Budget,183320000
2002,Delhi,Non-Plan Budget,374060000
2002, Rajasthan,Non-Plan Budget,303417000
2002, Uttar Pradesh,Non-Plan Budget,1176885000
2002, Bihar,Non-Plan Budget,633428000
2002, Sikkim,Non-Plan Budget,11400000
2002, Nagaland,Non-Plan Budget,62827000
2002, Manipur,Non-Plan Budget,49691000
2002, Mizoram,Non-Plan Budget,43990000
2002, Tripura,Non-Plan Budget,53217000
2002, Meghalaya,Non-Plan Budget,16838019
2002, Assam,Non-Plan Budget,152800000
2002, West Bengal,Non-Plan Budget,693186000
2002, Jharkhand,Non-Plan Budget,285054000
2002, Odisha,Non-Plan Budget,287302000
2002, Chhattisgarh,Non-Plan Budget,271925000
2002, Madhya Pradesh,Non-Plan Budget,647527000
2002, Gujarat,Non-Plan Budget,226615000
2002,Daman & Diu,Non-Plan Budget,1463000
2002,Dadra & Nagar Haveli,Non-Plan Budget,600000
2002, Maharashtra,Non-Plan Budget,584827000
2002, Andhra Pradesh,Non-Plan Budget,800144000
2002, Karnataka,Non-Plan Budget,306426000
2002, Goa,Non-Plan Budget,28799000
2002,Lakshadweep,Non-Plan Budget,50000
2002, Kerala,Non-Plan Budget,194705000
2002, Tamil Nadu,Non-Plan Budget,519502000
2002,Puducherry,Non-Plan Budget,9900000
2002,Andaman & Nicobar Islands,Non-Plan Budget,12808000
2003, Jammu & Kashmir,Non-Plan Budget,211681000
2003, Himachal Pradesh,Non-Plan Budget,49916000
2003, Punjab,Non-Plan Budget,471464000
2003,Chandigarh,Non-Plan Budget,24100000
2003, Uttarakhand,Non-Plan Budget,84293585
2003, Haryana,Non-Plan Budget,261110000
2003,Delhi,Non-Plan Budget,414530000
2003, Rajasthan,Non-Plan Budget,317973000
2003, Uttar Pradesh,Non-Plan Budget,1165741000
2003, Bihar,Non-Plan Budget,626193000
2003, Sikkim,Non-Plan Budget,12014000
2003, Nagaland,Non-Plan Budget,73985000
2003, Manipur,Non-Plan Budget,41814000
2003, Mizoram,Non-Plan Budget,43460000
2003, Tripura,Non-Plan Budget,59065000
2003, Meghalaya,Non-Plan Budget,20486702
2003, Assam,Non-Plan Budget,254781000
2003, West Bengal,Non-Plan Budget,723090000
2003, Jharkhand,Non-Plan Budget,208486608
2003, Odisha,Non-Plan Budget,285998000
2003, Chhattisgarh,Non-Plan Budget,271925000
2003, Madhya Pradesh,Non-Plan Budget,697997000
2003, Gujarat,Non-Plan Budget,222890000
2003,Daman & Diu,Non-Plan Budget,1923000
2003,Dadra & Nagar Haveli,Non-Plan Budget,600000
2003, Maharashtra,Non-Plan Budget,1112015000
2003, Andhra Pradesh,Non-Plan Budget,734053000
2003, Karnataka,Non-Plan Budget,320461000
2003, Goa,Non-Plan Budget,17745067
2003,Lakshadweep,Non-Plan Budget,50000
2003, Kerala,Non-Plan Budget,216590000
2003, Tamil Nadu,Non-Plan Budget,571452200
2003,Puducherry,Non-Plan Budget,10400000
2003,Andaman & Nicobar Islands,Non-Plan Budget,10080000
2004, Jammu & Kashmir,Non-Plan Budget,133732000
2004, Himachal Pradesh,Non-Plan Budget,55299000
2004, Punjab,Non-Plan Budget,603967000
2004,Chandigarh,Non-Plan Budget,25400000
2004, Uttarakhand,Non-Plan Budget,85093585
2004, Haryana,Non-Plan Budget,349978000
2004,Delhi,Non-Plan Budget,439800000
2004, Rajasthan,Non-Plan Budget,349934000
2004, Uttar Pradesh,Non-Plan Budget,1321494000
2004, Bihar,Non-Plan Budget,682854370
2004, Sikkim,Non-Plan Budget,18932000
2004, Nagaland,Non-Plan Budget,77226000
2004, Manipur,Non-Plan Budget,52466000
2004, Mizoram,Non-Plan Budget,49660000
2004, Tripura,Non-Plan Budget,97637000
2004, Meghalaya,Non-Plan Budget,28905906
2004, Assam,Non-Plan Budget,419074000
2004, West Bengal,Non-Plan Budget,719270000
2004, Jharkhand,Non-Plan Budget,423731800
2004, Odisha,Non-Plan Budget,293348000
2004, Chhattisgarh,Non-Plan Budget,299427000
2004, Madhya Pradesh,Non-Plan Budget,656071000
2004, Gujarat,Non-Plan Budget,250510000
2004,Daman & Diu,Non-Plan Budget,2500000
2004,Dadra & Nagar Haveli,Non-Plan Budget,600000
2004, Maharashtra,Non-Plan Budget,975925000
2004, Andhra Pradesh,Non-Plan Budget,719254000
2004, Karnataka,Non-Plan Budget,480821000
2004, Goa,Non-Plan Budget,24407000
2004,Lakshadweep,Non-Plan Budget,100000
2004, Kerala,Non-Plan Budget,294383000
2004, Tamil Nadu,Non-Plan Budget,653959000
2004,Puducherry,Non-Plan Budget,10900000
2004,Andaman & Nicobar Islands,Non-Plan Budget,11400000
2005, Jammu & Kashmir,Non-Plan Budget,285766000
2005, Himachal Pradesh,Non-Plan Budget,67738000
2005, Punjab,Non-Plan Budget,670099000
2005,Chandigarh,Non-Plan Budget,27613000
2005, Uttarakhand,Non-Plan Budget,91568490
2005, Haryana,Non-Plan Budget,391800000
2005,Delhi,Non-Plan Budget,532455000
2005, Rajasthan,Non-Plan Budget,358809000
2005, Uttar Pradesh,Non-Plan Budget,1512129000
2005, Bihar,Non-Plan Budget,704255000
2005, Sikkim,Non-Plan Budget,14990000
2005, Nagaland,Non-Plan Budget,87621000
2005, Manipur,Non-Plan Budget,58888000
2005, Mizoram,Non-Plan Budget,60900000
2005, Tripura,Non-Plan Budget,92745000
2005, Meghalaya,Non-Plan Budget,24937537
2005, Assam,Non-Plan Budget,414601000
2005, West Bengal,Non-Plan Budget,738800000
2005, Jharkhand,Non-Plan Budget,250206120
2005, Odisha,Non-Plan Budget,310034000
2005, Chhattisgarh,Non-Plan Budget,228038000
2005, Madhya Pradesh,Non-Plan Budget,710150000
2005, Gujarat,Non-Plan Budget,257431000
2005,Daman & Diu,Non-Plan Budget,2096000
2005,Dadra & Nagar Haveli,Non-Plan Budget,600000
2005, Maharashtra,Non-Plan Budget,969713000
2005, Andhra Pradesh,Non-Plan Budget,714773000
2005, Karnataka,Non-Plan Budget,448182000
2005, Goa,Non-Plan Budget,21080604
2005,Lakshadweep,Non-Plan Budget,100000
2005, Kerala,Non-Plan Budget,311213000
2005, Tamil Nadu,Non-Plan Budget,627806000
2005,Puducherry,Non-Plan Budget,11600000
2005,Andaman & Nicobar Islands,Non-Plan Budget,12000000
2006, Jammu & Kashmir,Non-Plan Budget,267739000
2006, Himachal Pradesh,Non-Plan Budget,73876000
2006, Punjab,Non-Plan Budget,848143000
2006,Chandigarh,Non-Plan Budget,28400000
2006, Uttarakhand,Non-Plan Budget,104076858
2006, Haryana,Non-Plan Budget,431338000
2006,Delhi,Non-Plan Budget,424135000
2006, Rajasthan,Non-Plan Budget,381707000
2006, Uttar Pradesh,Non-Plan Budget,2158249000
2006, Bihar,Non-Plan Budget,806529000
2006, Sikkim,Non-Plan Budget,17075000
2006, Nagaland,Non-Plan Budget,87621000
2006, Manipur,Non-Plan Budget,44775000
2006, Mizoram,Non-Plan Budget,53315000
2006, Tripura,Non-Plan Budget,140794000
2006, Meghalaya,Non-Plan Budget,29975000
2006, Assam,Non-Plan Budget,458869000
2006, West Bengal,Non-Plan Budget,774483000
2006, Jharkhand,Non-Plan Budget,289955969
2006, Odisha,Non-Plan Budget,358965000
2006, Chhattisgarh,Non-Plan Budget,479593700
2006, Madhya Pradesh,Non-Plan Budget,774961000
2006, Gujarat,Non-Plan Budget,356150000
2006,Daman & Diu,Non-Plan Budget,2220000
2006,Dadra & Nagar Haveli,Non-Plan Budget,600000
2006, Maharashtra,Non-Plan Budget,1025329000
2006, Andhra Pradesh,Non-Plan Budget,780989000
2006, Karnataka,Non-Plan Budget,508309000
2006, Goa,Non-Plan Budget,26072000
2006,Lakshadweep,Non-Plan Budget,100000
2006, Kerala,Non-Plan Budget,340717000
2006, Tamil Nadu,Non-Plan Budget,703506000
2006,Puducherry,Non-Plan Budget,11924000
2006,Andaman & Nicobar Islands,Non-Plan Budget,12605000
2007, Jammu & Kashmir,Non-Plan Budget,316427000
2007, Himachal Pradesh,Non-Plan Budget,91163000
2007, Punjab,Non-Plan Budget,1067194000
2007,Chandigarh,Non-Plan Budget,35913000
2007, Uttarakhand,Non-Plan Budget,113026650
2007, Haryana,Non-Plan Budget,492245000
2007,Delhi,Non-Plan Budget,847000000
2007, Rajasthan,Non-Plan Budget,461959000
2007, Uttar Pradesh,Non-Plan Budget,2014972000
2007, Bihar,Non-Plan Budget,645562500
2007, Sikkim,Non-Plan Budget,23248000
2007, Nagaland,Non-Plan Budget,92533000
2007, Manipur,Non-Plan Budget,49035000
2007, Mizoram,Non-Plan Budget,53315000
2007, Tripura,Non-Plan Budget,155119000
2007, Meghalaya,Non-Plan Budget,33398000
2007, Assam,Non-Plan Budget,387546000
2007, West Bengal,Non-Plan Budget,939091000
2007, Jharkhand,Non-Plan Budget,250625882
2007, Odisha,Non-Plan Budget,417228000
2007, Chhattisgarh,Non-Plan Budget,343986000
2007, Madhya Pradesh,Non-Plan Budget,841882000
2007, Gujarat,Non-Plan Budget,377987000
2007,Daman & Diu,Non-Plan Budget,2250000
2007,Dadra & Nagar Haveli,Non-Plan Budget,800000
2007, Maharashtra,Non-Plan Budget,1101436000
2007, Andhra Pradesh,Non-Plan Budget,960156000
2007, Karnataka,Non-Plan Budget,603182000
2007, Goa,Non-Plan Budget,33795000
2007,Lakshadweep,Non-Plan Budget,0
2007, Kerala,Non-Plan Budget,330176000
2007, Tamil Nadu,Non-Plan Budget,821905000
2007,Puducherry,Non-Plan Budget,14250000
2007,Andaman & Nicobar Islands,Non-Plan Budget,11900000
2001, Jammu & Kashmir,Plan Budget,0
2001, Himachal Pradesh,Plan Budget,11250000
2001, Punjab,Plan Budget,0
2001,Chandigarh,Plan Budget,2000000
2001, Uttarakhand,Plan Budget,0
2001, Haryana,Plan Budget,0
2001,Delhi,Plan Budget,180000000
2001, Rajasthan,Plan Budget,8291000
2001, Uttar Pradesh,Plan Budget,93405000
2001, Bihar,Plan Budget,19170000
2001, Sikkim,Plan Budget,2000000
2001, Nagaland,Plan Budget,18600000
2001, Manipur,Plan Budget,4900000
2001, Mizoram,Plan Budget,15500000
2001, Tripura,Plan Budget,4202000
2001, Meghalaya,Plan Budget,171578
2001, Assam,Plan Budget,26075000
2001, West Bengal,Plan Budget,54000000
2001, Jharkhand,Plan Budget,105000000
2001, Odisha,Plan Budget,9860000
2001, Chhattisgarh,Plan Budget,35878950
2001, Madhya Pradesh,Plan Budget,3900000
2001, Gujarat,Plan Budget,3000000
2001,Daman & Diu,Plan Budget,0
2001,Dadra & Nagar Haveli,Plan Budget,0
2001, Maharashtra,Plan Budget,6032000
2001, Andhra Pradesh,Plan Budget,28300000
2001, Karnataka,Plan Budget,13250000
2001, Goa,Plan Budget,70000
2001,Lakshadweep,Plan Budget,0
2001, Kerala,Plan Budget,10000000
2001, Tamil Nadu,Plan Budget,6391000
2001,Puducherry,Plan Budget,225000
2001,Andaman & Nicobar Islands,Plan Budget,6000000
2002, Jammu & Kashmir,Plan Budget,0
2002, Himachal Pradesh,Plan Budget,1498000
2002, Punjab,Plan Budget,2900000
2002,Chandigarh,Plan Budget,2500000
2002, Uttarakhand,Plan Budget,0
2002, Haryana,Plan Budget,90500000
2002,Delhi,Plan Budget,260000000
2002, Rajasthan,Plan Budget,3129000
2002, Uttar Pradesh,Plan Budget,587463000
2002, Bihar,Plan Budget,0
2002, Sikkim,Plan Budget,2000000
2002, Nagaland,Plan Budget,7000000
2002, Manipur,Plan Budget,12034000
2002, Mizoram,Plan Budget,19750000
2002, Tripura,Plan Budget,9015624
2002, Meghalaya,Plan Budget,5706238
2002, Assam,Plan Budget,32075000
2002, West Bengal,Plan Budget,39500000
2002, Jharkhand,Plan Budget,255100000
2002, Odisha,Plan Budget,972000
2002, Chhattisgarh,Plan Budget,0
2002, Madhya Pradesh,Plan Budget,0
2002, Gujarat,Plan Budget,1746000
2002,Daman & Diu,Plan Budget,0
2002,Dadra & Nagar Haveli,Plan Budget,0
2002, Maharashtra,Plan Budget,2357000
2002, Andhra Pradesh,Plan Budget,27134000
2002, Karnataka,Plan Budget,13000000
2002, Goa,Plan Budget,20000000
2002,Lakshadweep,Plan Budget,0
2002, Kerala,Plan Budget,12000000
2002, Tamil Nadu,Plan Budget,65242000
2002,Puducherry,Plan Budget,258000
2002,Andaman & Nicobar Islands,Plan Budget,8968000
2003, Jammu & Kashmir,Plan Budget,0
2003, Himachal Pradesh,Plan Budget,1392000
2003, Punjab,Plan Budget,4800000
2003,Chandigarh,Plan Budget,2500000
2003, Uttarakhand,Plan Budget,5360000
2003, Haryana,Plan Budget,290264000
2003,Delhi,Plan Budget,237500000
2003, Rajasthan,Plan Budget,1758000
2003, Uttar Pradesh,Plan Budget,905205000
2003, Bihar,Plan Budget,0
2003, Sikkim,Plan Budget,36300000
2003, Nagaland,Plan Budget,40776000
2003, Manipur,Plan Budget,35400000
2003, Mizoram,Plan Budget,18200000
2003, Tripura,Plan Budget,2716000
2003, Meghalaya,Plan Budget,1161161
2003, Assam,Plan Budget,30234000
2003, West Bengal,Plan Budget,11043000
2003, Jharkhand,Plan Budget,82902743
2003, Odisha,Plan Budget,2305000
2003, Chhattisgarh,Plan Budget,0
2003, Madhya Pradesh,Plan Budget,1973000
2003, Gujarat,Plan Budget,1180000
2003,Daman & Diu,Plan Budget,0
2003,Dadra & Nagar Haveli,Plan Budget,0
2003, Maharashtra,Plan Budget,1906000
2003, Andhra Pradesh,Plan Budget,448187000
2003, Karnataka,Plan Budget,11200000
2003, Goa,Plan Budget,25000
2003,Lakshadweep,Plan Budget,0
2003, Kerala,Plan Budget,105500000
2003, Tamil Nadu,Plan Budget,71766200
2003,Puducherry,Plan Budget,407000
2003,Andaman & Nicobar Islands,Plan Budget,8400000
2004, Jammu & Kashmir,Plan Budget,111700000
2004, Himachal Pradesh,Plan Budget,70600000
2004, Punjab,Plan Budget,10000000
2004,Chandigarh,Plan Budget,3500000
2004, Uttarakhand,Plan Budget,4540000
2004, Haryana,Plan Budget,276100000
2004,Delhi,Plan Budget,267500000
2004, Rajasthan,Plan Budget,3080000
2004, Uttar Pradesh,Plan Budget,558035000
2004, Bihar,Plan Budget,0
2004, Sikkim,Plan Budget,33300000
2004, Nagaland,Plan Budget,35309000
2004, Manipur,Plan Budget,32901000
2004, Mizoram,Plan Budget,18800000
2004, Tripura,Plan Budget,1176000
2004, Meghalaya,Plan Budget,1571101
2004, Assam,Plan Budget,30300000
2004, West Bengal,Plan Budget,7900000
2004, Jharkhand,Plan Budget,250000000
2004, Odisha,Plan Budget,81000
2004, Chhattisgarh,Plan Budget,0
2004, Madhya Pradesh,Plan Budget,1872000
2004, Gujarat,Plan Budget,9633000
2004,Daman & Diu,Plan Budget,0
2004,Dadra & Nagar Haveli,Plan Budget,0
2004, Maharashtra,Plan Budget,0
2004, Andhra Pradesh,Plan Budget,214424000
2004, Karnataka,Plan Budget,14400000
2004, Goa,Plan Budget,12000000
2004,Lakshadweep,Plan Budget,0
2004, Kerala,Plan Budget,40000000
2004, Tamil Nadu,Plan Budget,251147000
2004,Puducherry,Plan Budget,1705000
2004,Andaman & Nicobar Islands,Plan Budget,10000000
2005, Jammu & Kashmir,Plan Budget,0
2005, Himachal Pradesh,Plan Budget,45200000
2005, Punjab,Plan Budget,5000000
2005,Chandigarh,Plan Budget,2500000
2005, Uttarakhand,Plan Budget,0
2005, Haryana,Plan Budget,233500000
2005,Delhi,Plan Budget,122500000
2005, Rajasthan,Plan Budget,0
2005, Uttar Pradesh,Plan Budget,525479000
2005, Bihar,Plan Budget,0
2005, Sikkim,Plan Budget,37300000
2005, Nagaland,Plan Budget,21702000
2005, Manipur,Plan Budget,23675000
2005, Mizoram,Plan Budget,20000000
2005, Tripura,Plan Budget,37112000
2005, Meghalaya,Plan Budget,3379103
2005, Assam,Plan Budget,8380000
2005, West Bengal,Plan Budget,24400000
2005, Jharkhand,Plan Budget,73801123
2005, Odisha,Plan Budget,134000
2005, Chhattisgarh,Plan Budget,0
2005, Madhya Pradesh,Plan Budget,0
2005, Gujarat,Plan Budget,118750000
2005,Daman & Diu,Plan Budget,0
2005,Dadra & Nagar Haveli,Plan Budget,0
2005, Maharashtra,Plan Budget,2620000
2005, Andhra Pradesh,Plan Budget,214424000
2005, Karnataka,Plan Budget,116484000
2005, Goa,Plan Budget,0
2005,Lakshadweep,Plan Budget,0
2005, Kerala,Plan Budget,34500000
2005, Tamil Nadu,Plan Budget,182351000
2005,Puducherry,Plan Budget,2728000
2005,Andaman & Nicobar Islands,Plan Budget,10700000
2006, Jammu & Kashmir,Plan Budget,0
2006, Himachal Pradesh,Plan Budget,70688000
2006, Punjab,Plan Budget,5000000
2006,Chandigarh,Plan Budget,5000000
2006, Uttarakhand,Plan Budget,0
2006, Haryana,Plan Budget,245300000
2006,Delhi,Plan Budget,271800000
2006, Rajasthan,Plan Budget,404000
2006, Uttar Pradesh,Plan Budget,4000
2006, Bihar,Plan Budget,0
2006, Sikkim,Plan Budget,25585000
2006, Nagaland,Plan Budget,45600000
2006, Manipur,Plan Budget,78500000
2006, Mizoram,Plan Budget,55425000
2006, Tripura,Plan Budget,21287000
2006, Meghalaya,Plan Budget,1650889
2006, Assam,Plan Budget,200000
2006, West Bengal,Plan Budget,59000000
2006, Jharkhand,Plan Budget,200587152
2006, Odisha,Plan Budget,150000
2006, Chhattisgarh,Plan Budget,0
2006, Madhya Pradesh,Plan Budget,0
2006, Gujarat,Plan Budget,105900000
2006,Daman & Diu,Plan Budget,0
2006,Dadra & Nagar Haveli,Plan Budget,0
2006, Maharashtra,Plan Budget,5000000
2006, Andhra Pradesh,Plan Budget,214700000
2006, Karnataka,Plan Budget,32182000
2006, Goa,Plan Budget,0
2006,Lakshadweep,Plan Budget,0
2006, Kerala,Plan Budget,30000000
2006, Tamil Nadu,Plan Budget,159324000
2006,Puducherry,Plan Budget,2418000
2006,Andaman & Nicobar Islands,Plan Budget,12180000
2007, Jammu & Kashmir,Plan Budget,0
2007, Himachal Pradesh,Plan Budget,20100000
2007, Punjab,Plan Budget,0
2007,Chandigarh,Plan Budget,6800000
2007, Uttarakhand,Plan Budget,0
2007, Haryana,Plan Budget,454000000
2007,Delhi,Plan Budget,376000000
2007, Rajasthan,Plan Budget,169000
2007, Uttar Pradesh,Plan Budget,4000
2007, Bihar,Plan Budget,589430000
2007, Sikkim,Plan Budget,30125000
2007, Nagaland,Plan Budget,24600000
2007, Manipur,Plan Budget,20150000
2007, Mizoram,Plan Budget,28800000
2007, Tripura,Plan Budget,35000000
2007, Meghalaya,Plan Budget,5000000
2007, Assam,Plan Budget,200000
2007, West Bengal,Plan Budget,100000000
2007, Jharkhand,Plan Budget,109643716
2007, Odisha,Plan Budget,150000
2007, Chhattisgarh,Plan Budget,0
2007, Madhya Pradesh,Plan Budget,16320000
2007, Gujarat,Plan Budget,22500000
2007,Daman & Diu,Plan Budget,0
2007,Dadra & Nagar Haveli,Plan Budget,0
2007, Maharashtra,Plan Budget,7000000
2007, Andhra Pradesh,Plan Budget,212600000
2007, Karnataka,Plan Budget,30569000
2007, Goa,Plan Budget,75002000
2007,Lakshadweep,Plan Budget,0
2007, Kerala,Plan Budget,31500000
2007, Tamil Nadu,Plan Budget,95900000
2007,Puducherry,Plan Budget,3000000
2007,Andaman & Nicobar Islands,Plan Budget,13300000
2001, Jammu & Kashmir,Total Annual Budget,198609000
2001, Himachal Pradesh,Total Annual Budget,59370000
2001, Punjab,Total Annual Budget,469715000
2001,Chandigarh,Total Annual Budget,23803000
2001, Uttarakhand,Total Annual Budget,85359500
2001, Haryana,Total Annual Budget,148985000
2001,Delhi,Total Annual Budget,429600000
2001, Rajasthan,Total Annual Budget,298978000
2001, Uttar Pradesh,Total Annual Budget,1231314000
2001, Bihar,Total Annual Budget,600162000
2001, Sikkim,Total Annual Budget,13400000
2001, Nagaland,Total Annual Budget,84992000
2001, Manipur,Total Annual Budget,50521000
2001, Mizoram,Total Annual Budget,61900000
2001, Tripura,Total Annual Budget,61126000
2001, Meghalaya,Total Annual Budget,19861015
2001, Assam,Total Annual Budget,179060000
2001, West Bengal,Total Annual Budget,757382000
2001, Jharkhand,Total Annual Budget,328706000
2001, Odisha,Total Annual Budget,290172000
2001, Chhattisgarh,Total Annual Budget,129676073
2001, Madhya Pradesh,Total Annual Budget,647355000
2001, Gujarat,Total Annual Budget,242046000
2001,Daman & Diu,Total Annual Budget,1630000
2001,Dadra & Nagar Haveli,Total Annual Budget,500000
2001, Maharashtra,Total Annual Budget,490419000
2001, Andhra Pradesh,Total Annual Budget,728690000
2001, Karnataka,Total Annual Budget,267150000
2001, Goa,Total Annual Budget,22566000
2001,Lakshadweep,Total Annual Budget,50000
2001, Kerala,Total Annual Budget,211368000
2001, Tamil Nadu,Total Annual Budget,509152000
2001,Puducherry,Total Annual Budget,9570000
2001,Andaman & Nicobar Islands,Total Annual Budget,16000000
2002, Jammu & Kashmir,Total Annual Budget,206072800
2002, Himachal Pradesh,Total Annual Budget,51413000
2002, Punjab,Total Annual Budget,525365000
2002,Chandigarh,Total Annual Budget,25800000
2002, Uttarakhand,Total Annual Budget,89849000
2002, Haryana,Total Annual Budget,273820000
2002,Delhi,Total Annual Budget,634060000
2002, Rajasthan,Total Annual Budget,306546000
2002, Uttar Pradesh,Total Annual Budget,1764348000
2002, Bihar,Total Annual Budget,633428000
2002, Sikkim,Total Annual Budget,13400000
2002, Nagaland,Total Annual Budget,69827000
2002, Manipur,Total Annual Budget,61725000
2002, Mizoram,Total Annual Budget,63740000
2002, Tripura,Total Annual Budget,62232624
2002, Meghalaya,Total Annual Budget,22544257
2002, Assam,Total Annual Budget,184875000
2002, West Bengal,Total Annual Budget,732686000
2002, Jharkhand,Total Annual Budget,540154000
2002, Odisha,Total Annual Budget,288274000
2002, Chhattisgarh,Total Annual Budget,271925000
2002, Madhya Pradesh,Total Annual Budget,647527000
2002, Gujarat,Total Annual Budget,228361000
2002,Daman & Diu,Total Annual Budget,1463000
2002,Dadra & Nagar Haveli,Total Annual Budget,600000
2002, Maharashtra,Total Annual Budget,587184000
2002, Andhra Pradesh,Total Annual Budget,827278000
2002, Karnataka,Total Annual Budget,319426000
2002, Goa,Total Annual Budget,48799000
2002,Lakshadweep,Total Annual Budget,50000
2002, Kerala,Total Annual Budget,206705000
2002, Tamil Nadu,Total Annual Budget,584744000
2002,Puducherry,Total Annual Budget,10158000
2002,Andaman & Nicobar Islands,Total Annual Budget,21776000
2003, Jammu & Kashmir,Total Annual Budget,211681000
2003, Himachal Pradesh,Total Annual Budget,51308000
2003, Punjab,Total Annual Budget,476264000
2003,Chandigarh,Total Annual Budget,26600000
2003, Uttarakhand,Total Annual Budget,89653585
2003, Haryana,Total Annual Budget,551374000
2003,Delhi,Total Annual Budget,652030000
2003, Rajasthan,Total Annual Budget,319731000
2003, Uttar Pradesh,Total Annual Budget,2070946000
2003, Bihar,Total Annual Budget,626193000
2003, Sikkim,Total Annual Budget,48314000
2003, Nagaland,Total Annual Budget,114761000
2003, Manipur,Total Annual Budget,77214000
2003, Mizoram,Total Annual Budget,61660000
2003, Tripura,Total Annual Budget,61781000
2003, Meghalaya,Total Annual Budget,21647863
2003, Assam,Total Annual Budget,285015000
2003, West Bengal,Total Annual Budget,734133000
2003, Jharkhand,Total Annual Budget,291389351
2003, Odisha,Total Annual Budget,288303000
2003, Chhattisgarh,Total Annual Budget,271925000
2003, Madhya Pradesh,Total Annual Budget,699970000
2003, Gujarat,Total Annual Budget,224070000
2003,Daman & Diu,Total Annual Budget,1923000
2003,Dadra & Nagar Haveli,Total Annual Budget,600000
2003, Maharashtra,Total Annual Budget,1113921000
2003, Andhra Pradesh,Total Annual Budget,1182240000
2003, Karnataka,Total Annual Budget,331661000
2003, Goa,Total Annual Budget,17770067
2003,Lakshadweep,Total Annual Budget,50000
2003, Kerala,Total Annual Budget,322090000
2003, Tamil Nadu,Total Annual Budget,643218400
2003,Puducherry,Total Annual Budget,10807000
2003,Andaman & Nicobar Islands,Total Annual Budget,18480000
2004, Jammu & Kashmir,Total Annual Budget,245432000
2004, Himachal Pradesh,Total Annual Budget,125899000
2004, Punjab,Total Annual Budget,613967000
2004,Chandigarh,Total Annual Budget,28900000
2004, Uttarakhand,Total Annual Budget,89633585
2004, Haryana,Total Annual Budget,626078000
2004,Delhi,Total Annual Budget,707300000
2004, Rajasthan,Total Annual Budget,353014000
2004, Uttar Pradesh,Total Annual Budget,1879529000
2004, Bihar,Total Annual Budget,682854370
2004, Sikkim,Total Annual Budget,52232000
2004, Nagaland,Total Annual Budget,112535000
2004, Manipur,Total Annual Budget,85367000
2004, Mizoram,Total Annual Budget,68460000
2004, Tripura,Total Annual Budget,98813000
2004, Meghalaya,Total Annual Budget,30477007
2004, Assam,Total Annual Budget,449374000
2004, West Bengal,Total Annual Budget,727170000
2004, Jharkhand,Total Annual Budget,673731800
2004, Odisha,Total Annual Budget,293429000
2004, Chhattisgarh,Total Annual Budget,299427000
2004, Madhya Pradesh,Total Annual Budget,657943000
2004, Gujarat,Total Annual Budget,260143000
2004,Daman & Diu,Total Annual Budget,2500000
2004,Dadra & Nagar Haveli,Total Annual Budget,600000
2004, Maharashtra,Total Annual Budget,975925000
2004, Andhra Pradesh,Total Annual Budget,933678000
2004, Karnataka,Total Annual Budget,495221000
2004, Goa,Total Annual Budget,36407000
2004,Lakshadweep,Total Annual Budget,100000
2004, Kerala,Total Annual Budget,334383000
2004, Tamil Nadu,Total Annual Budget,905106000
2004,Puducherry,Total Annual Budget,12605000
2004,Andaman & Nicobar Islands,Total Annual Budget,21400000
2005, Jammu & Kashmir,Total Annual Budget,285766000
2005, Himachal Pradesh,Total Annual Budget,112938000
2005, Punjab,Total Annual Budget,675099000
2005,Chandigarh,Total Annual Budget,30113000
2005, Uttarakhand,Total Annual Budget,91568490
2005, Haryana,Total Annual Budget,625300000
2005,Delhi,Total Annual Budget,654955000
2005, Rajasthan,Total Annual Budget,358809000
2005, Uttar Pradesh,Total Annual Budget,2037608000
2005, Bihar,Total Annual Budget,704255000
2005, Sikkim,Total Annual Budget,52290000
2005, Nagaland,Total Annual Budget,109323000
2005, Manipur,Total Annual Budget,82563000
2005, Mizoram,Total Annual Budget,80900000
2005, Tripura,Total Annual Budget,129857000
2005, Meghalaya,Total Annual Budget,28316640
2005, Assam,Total Annual Budget,422981000
2005, West Bengal,Total Annual Budget,763200000
2005, Jharkhand,Total Annual Budget,324007243
2005, Odisha,Total Annual Budget,310168000
2005, Chhattisgarh,Total Annual Budget,228038000
2005, Madhya Pradesh,Total Annual Budget,710150000
2005, Gujarat,Total Annual Budget,376181000
2005,Daman & Diu,Total Annual Budget,2096000
2005,Dadra & Nagar Haveli,Total Annual Budget,600000
2005, Maharashtra,Total Annual Budget,972333000
2005, Andhra Pradesh,Total Annual Budget,929197000
2005, Karnataka,Total Annual Budget,564666000
2005, Goa,Total Annual Budget,21080604
2005,Lakshadweep,Total Annual Budget,100000
2005, Kerala,Total Annual Budget,345713000
2005, Tamil Nadu,Total Annual Budget,810157000
2005,Puducherry,Total Annual Budget,14328000
2005,Andaman & Nicobar Islands,Total Annual Budget,22700000
2006, Jammu & Kashmir,Total Annual Budget,267739000
2006, Himachal Pradesh,Total Annual Budget,144564000
2006, Punjab,Total Annual Budget,853143000
2006,Chandigarh,Total Annual Budget,33400000
2006, Uttarakhand,Total Annual Budget,104076858
2006, Haryana,Total Annual Budget,676638000
2006,Delhi,Total Annual Budget,695935000
2006, Rajasthan,Total Annual Budget,382111000
2006, Uttar Pradesh,Total Annual Budget,2158253000
2006, Bihar,Total Annual Budget,806529000
2006, Sikkim,Total Annual Budget,42660000
2006, Nagaland,Total Annual Budget,133221000
2006, Manipur,Total Annual Budget,123275000
2006, Mizoram,Total Annual Budget,108740000
2006, Tripura,Total Annual Budget,162081000
2006, Meghalaya,Total Annual Budget,31625889
2006, Assam,Total Annual Budget,459069000
2006, West Bengal,Total Annual Budget,833483000
2006, Jharkhand,Total Annual Budget,490543121
2006, Odisha,Total Annual Budget,359115000
2006, Chhattisgarh,Total Annual Budget,479593700
2006, Madhya Pradesh,Total Annual Budget,774961000
2006, Gujarat,Total Annual Budget,462050000
2006,Daman & Diu,Total Annual Budget,2220000
2006,Dadra & Nagar Haveli,Total Annual Budget,600000
2006, Maharashtra,Total Annual Budget,1030329000
2006, Andhra Pradesh,Total Annual Budget,995689000
2006, Karnataka,Total Annual Budget,540491000
2006, Goa,Total Annual Budget,26072000
2006,Lakshadweep,Total Annual Budget,100000
2006, Kerala,Total Annual Budget,370717000
2006, Tamil Nadu,Total Annual Budget,862830000
2006,Puducherry,Total Annual Budget,14342000
2006,Andaman & Nicobar Islands,Total Annual Budget,24785000
2007, Jammu & Kashmir,Total Annual Budget,316427000
2007, Himachal Pradesh,Total Annual Budget,111263000
2007, Punjab,Total Annual Budget,1067194000
2007,Chandigarh,Total Annual Budget,42713000
2007, Uttarakhand,Total Annual Budget,113026650
2007, Haryana,Total Annual Budget,946245000
2007,Delhi,Total Annual Budget,1223000000
2007, Rajasthan,Total Annual Budget,462128000
2007, Uttar Pradesh,Total Annual Budget,2014976000
2007, Bihar,Total Annual Budget,1234992500
2007, Sikkim,Total Annual Budget,53373000
2007, Nagaland,Total Annual Budget,117133000
2007, Manipur,Total Annual Budget,69185000
2007, Mizoram,Total Annual Budget,82115000
2007, Tripura,Total Annual Budget,190119000
2007, Meghalaya,Total Annual Budget,38398000
2007, Assam,Total Annual Budget,387746000
2007, West Bengal,Total Annual Budget,1039091000
2007, Jharkhand,Total Annual Budget,360269598
2007, Odisha,Total Annual Budget,417378000
2007, Chhattisgarh,Total Annual Budget,343986000
2007, Madhya Pradesh,Total Annual Budget,858202000
2007, Gujarat,Total Annual Budget,400487000
2007,Daman & Diu,Total Annual Budget,2250000
2007,Dadra & Nagar Haveli,Total Annual Budget,800000
2007, Maharashtra,Total Annual Budget,1108436000
2007, Andhra Pradesh,Total Annual Budget,1172756000
2007, Karnataka,Total Annual Budget,633751000
2007, Goa,Total Annual Budget,108797000
2007,Lakshadweep,Total Annual Budget,0
2007, Kerala,Total Annual Budget,361676000
2007, Tamil Nadu,Total Annual Budget,917805000
2007,Puducherry,Total Annual Budget,17250000
2007,Andaman & Nicobar Islands,Total Annual Budget,25200000
2008, Jammu & Kashmir,Non-Plan Budget,293246000
2008, Himachal Pradesh,Non-Plan Budget,100816897
2008, Punjab,Non-Plan Budget,1020388000
2008,Chandigarh,Non-Plan Budget,41800000
2008, Uttarakhand,Non-Plan Budget,157673000
2008, Haryana,Non-Plan Budget,636947000
2008,Delhi,Non-Plan Budget,850751000
2008, Rajasthan,Non-Plan Budget,553091000
2008, Uttar Pradesh,Non-Plan Budget,4129306000
2008, Bihar,Non-Plan Budget,1208037000
2008, Sikkim,Non-Plan Budget,26357000
2008, Nagaland,Non-Plan Budget,110038000
2008, Manipur,Non-Plan Budget,61412000
2008, Mizoram,Non-Plan Budget,83841000
2008, Tripura,Non-Plan Budget,151540000
2008, Meghalaya,Non-Plan Budget,46900000
2008, Assam,Non-Plan Budget,465597000
2008, West Bengal,Non-Plan Budget,1037326000
2008, Jharkhand,Non-Plan Budget,349603414
2008, Odisha,Non-Plan Budget,589135000
2008, Chhattisgarh,Non-Plan Budget,417078000
2008, Madhya Pradesh,Non-Plan Budget,986958000
2008, Gujarat,Non-Plan Budget,402076000
2008,Daman & Diu,Non-Plan Budget,2700000
2008,Dadra & Nagar Haveli,Non-Plan Budget,950000
2008, Maharashtra,Non-Plan Budget,988930000
2008, Andhra Pradesh,Non-Plan Budget,954940000
2008, Karnataka,Non-Plan Budget,537499000
2008, Goa,Non-Plan Budget,27294000
2008,Lakshadweep,Non-Plan Budget,300000
2008, Kerala,Non-Plan Budget,363574000
2008, Tamil Nadu,Non-Plan Budget,941088000
2008,Puducherry,Non-Plan Budget,19109000
2008,Andaman & Nicobar Islands,Non-Plan Budget,17484000
2008, Jammu & Kashmir,Plan Budget,0
2008, Himachal Pradesh,Plan Budget,20000000
2008, Punjab,Plan Budget,0
2008,Chandigarh,Plan Budget,5000000
2008, Uttarakhand,Plan Budget,0
2008, Haryana,Plan Budget,256800000
2008,Delhi,Plan Budget,550000000
2008, Rajasthan,Plan Budget,10092000
2008, Uttar Pradesh,Plan Budget,0
2008, Bihar,Plan Budget,887149000
2008, Sikkim,Plan Budget,48000000
2008, Nagaland,Plan Budget,27100000
2008, Manipur,Plan Budget,19100000
2008, Mizoram,Plan Budget,27400000
2008, Tripura,Plan Budget,80500000
2008, Meghalaya,Plan Budget,18300000
2008, Assam,Plan Budget,27000000
2008, West Bengal,Plan Budget,120000000
2008, Jharkhand,Plan Budget,338247621
2008, Odisha,Plan Budget,0
2008, Chhattisgarh,Plan Budget,0
2008, Madhya Pradesh,Plan Budget,28434000
2008, Gujarat,Plan Budget,141060000
2008,Daman & Diu,Plan Budget,0
2008,Dadra & Nagar Haveli,Plan Budget,0
2008, Maharashtra,Plan Budget,5000000
2008, Andhra Pradesh,Plan Budget,0
2008, Karnataka,Plan Budget,20000000
2008, Goa,Plan Budget,0
2008,Lakshadweep,Plan Budget,0
2008, Kerala,Plan Budget,54000000
2008, Tamil Nadu,Plan Budget,84107000
2008,Puducherry,Plan Budget,6300000
2008,Andaman & Nicobar Islands,Plan Budget,31851000
2008, Jammu & Kashmir,Total Annual Budget,293246000
2008, Himachal Pradesh,Total Annual Budget,120816897
2008, Punjab,Total Annual Budget,1020388000
2008,Chandigarh,Total Annual Budget,46800000
2008, Uttarakhand,Total Annual Budget,157673000
2008, Haryana,Total Annual Budget,893747000
2008,Delhi,Total Annual Budget,1400751000
2008, Rajasthan,Total Annual Budget,563183000
2008, Uttar Pradesh,Total Annual Budget,4129306000
2008, Bihar,Total Annual Budget,2095186000
2008, Sikkim,Total Annual Budget,74357000
2008, Nagaland,Total Annual Budget,137138000
2008, Manipur,Total Annual Budget,80512000
2008, Mizoram,Total Annual Budget,111241000
2008, Tripura,Total Annual Budget,232040000
2008, Meghalaya,Total Annual Budget,65200000
2008, Assam,Total Annual Budget,492597000
2008, West Bengal,Total Annual Budget,1157326000
2008, Jharkhand,Total Annual Budget,687851035
2008, Odisha,Total Annual Budget,589135000
2008, Chhattisgarh,Total Annual Budget,417078000
2008, Madhya Pradesh,Total Annual Budget,1015392000
2008, Gujarat,Total Annual Budget,543136000
2008,Daman & Diu,Total Annual Budget,2700000
2008,Dadra & Nagar Haveli,Total Annual Budget,950000
2008, Maharashtra,Total Annual Budget,993930000
2008, Andhra Pradesh,Total Annual Budget,954940000
2008, Karnataka,Total Annual Budget,557499000
2008, Goa,Total Annual Budget,27294000
2008,Lakshadweep,Total Annual Budget,300000
2008, Kerala,Total Annual Budget,417574000
2008, Tamil Nadu,Total Annual Budget,1025195000
2008,Puducherry,Total Annual Budget,25409000
2008,Andaman & Nicobar Islands,Total Annual Budget,49335000
2009, Jammu & Kashmir,Non-Plan Budget,390178000
2009, Himachal Pradesh,Non-Plan Budget,106262457
2009, Punjab,Non-Plan Budget,1072316000
2009,Chandigarh,Non-Plan Budget,55300000
2009, Uttarakhand,Non-Plan Budget,176950452
2009, Haryana,Non-Plan Budget,717405000
2009,Delhi,Non-Plan Budget,1117523000
2009, Rajasthan,Non-Plan Budget,719549000
2009, Uttar Pradesh,Non-Plan Budget,5595109000
2009, Bihar,Non-Plan Budget,1279409000
2009, Sikkim,Non-Plan Budget,43810000
2009, Arunachal Pradesh,Non-Plan Budget,36222000
2009, Nagaland,Non-Plan Budget,135011000
2009, Manipur,Non-Plan Budget,67771000
2009, Mizoram,Non-Plan Budget,89901000
2009, Tripura,Non-Plan Budget,184365000
2009, Meghalaya,Non-Plan Budget,31170000
2009, Assam,Non-Plan Budget,462191000
2009, West Bengal,Non-Plan Budget,1334536000
2009, Jharkhand,Non-Plan Budget,515846644
2009, Odisha,Non-Plan Budget,686515000
2009, Chhattisgarh,Non-Plan Budget,551471200
2009, Madhya Pradesh,Non-Plan Budget,1171987000
2009, Gujarat,Non-Plan Budget,423700000
2009,Daman & Diu,Non-Plan Budget,3705000
2009,Dadra & Nagar Haveli,Non-Plan Budget,950000
2009, Maharashtra,Non-Plan Budget,1271677000
2009, Andhra Pradesh,Non-Plan Budget,1133956000
2009, Karnataka,Non-Plan Budget,568134000
2009, Goa,Non-Plan Budget,59195000
2009,Lakshadweep,Non-Plan Budget,900000
2009, Kerala,Non-Plan Budget,416350000
2009, Tamil Nadu,Non-Plan Budget,1156440000
2009,Puducherry,Non-Plan Budget,19715000
2009,Andaman & Nicobar Islands,Non-Plan Budget,20323000
2010, Jammu & Kashmir,Non-Plan Budget,461065000
2010, Himachal Pradesh,Non-Plan Budget,155423105
2010, Punjab,Non-Plan Budget,1133172000
2010,Chandigarh,Non-Plan Budget,62069000
2010, Uttarakhand,Non-Plan Budget,186345000
2010, Haryana,Non-Plan Budget,854526000
2010,Delhi,Non-Plan Budget,1147291000
2010, Rajasthan,Non-Plan Budget,698968000
2010, Uttar Pradesh,Non-Plan Budget,9701824000
2010, Bihar,Non-Plan Budget,1379165490
2010, Sikkim,Non-Plan Budget,43425499
2010, Arunachal Pradesh,Non-Plan Budget,41775000
2010, Nagaland,Non-Plan Budget,179992000
2010, Manipur,Non-Plan Budget,98096000
2010, Mizoram,Non-Plan Budget,100486000
2010, Tripura,Non-Plan Budget,156700000
2010, Meghalaya,Non-Plan Budget,19045000
2010, Assam,Non-Plan Budget,589648000
2010, West Bengal,Non-Plan Budget,1439546000
2010, Jharkhand,Non-Plan Budget,563194572
2010, Odisha,Non-Plan Budget,787039000
2010, Chhattisgarh,Non-Plan Budget,533390100
2010, Madhya Pradesh,Non-Plan Budget,1392831000
2010, Gujarat,Non-Plan Budget,505500000
2010,Daman & Diu,Non-Plan Budget,3885000
2010,Dadra & Nagar Haveli,Non-Plan Budget,950000
2010, Maharashtra,Non-Plan Budget,1313068000
2010, Andhra Pradesh,Non-Plan Budget,1268767000
2010, Karnataka,Non-Plan Budget,674426000
2010, Goa,Non-Plan Budget,67929000
2010,Lakshadweep,Non-Plan Budget,1000000
2010, Kerala,Non-Plan Budget,527850000
2010, Tamil Nadu,Non-Plan Budget,1326025000
2010,Puducherry,Non-Plan Budget,21033000
2010,Andaman & Nicobar Islands,Non-Plan Budget,23803000
2009, Jammu & Kashmir,Plan Budget,2700000
2009, Himachal Pradesh,Plan Budget,20000000
2009, Punjab,Plan Budget,0
2009,Chandigarh,Plan Budget,5900000
2009, Uttarakhand,Plan Budget,0
2009, Haryana,Plan Budget,426800000
2009,Delhi,Plan Budget,31500000
2009, Rajasthan,Plan Budget,302000
2009, Uttar Pradesh,Plan Budget,0
2009, Bihar,Plan Budget,0
2009, Sikkim,Plan Budget,38856000
2009, Arunachal Pradesh,Plan Budget,6700000
2009, Nagaland,Plan Budget,25900000
2009, Manipur,Plan Budget,9497000
2009, Mizoram,Plan Budget,31200000
2009, Tripura,Plan Budget,75000000
2009, Meghalaya,Plan Budget,3128211
2009, Assam,Plan Budget,19000000
2009, West Bengal,Plan Budget,132000000
2009, Jharkhand,Plan Budget,229024581
2009, Odisha,Plan Budget,100150000
2009, Chhattisgarh,Plan Budget,0
2009, Madhya Pradesh,Plan Budget,38137000
2009, Gujarat,Plan Budget,425425000
2009,Daman & Diu,Plan Budget,0
2009,Dadra & Nagar Haveli,Plan Budget,0
2009, Maharashtra,Plan Budget,11281000
2009, Andhra Pradesh,Plan Budget,0
2009, Karnataka,Plan Budget,0
2009, Goa,Plan Budget,183240000
2009,Lakshadweep,Plan Budget,0
2009, Kerala,Plan Budget,61500000
2009, Tamil Nadu,Plan Budget,2000
2009,Puducherry,Plan Budget,30128000
2009,Andaman & Nicobar Islands,Plan Budget,26380000
2010, Jammu & Kashmir,Plan Budget,30785000
2010, Himachal Pradesh,Plan Budget,30000000
2010, Punjab,Plan Budget,0
2010,Chandigarh,Plan Budget,6500000
2010, Uttarakhand,Plan Budget,0
2010, Haryana,Plan Budget,391800000
2010,Delhi,Plan Budget,44806000
2010, Rajasthan,Plan Budget,20525000
2010, Uttar Pradesh,Plan Budget,0
2010, Bihar,Plan Budget,0
2010, Sikkim,Plan Budget,15286000
2010, Arunachal Pradesh,Plan Budget,2000000
2010, Nagaland,Plan Budget,15900000
2010, Manipur,Plan Budget,27000000
2010, Mizoram,Plan Budget,28000000
2010, Tripura,Plan Budget,153888000
2010, Meghalaya,Plan Budget,2400000
2010, Assam,Plan Budget,20800000
2010, West Bengal,Plan Budget,200000000
2010, Jharkhand,Plan Budget,184733363
2010, Odisha,Plan Budget,70150000
2010, Chhattisgarh,Plan Budget,0
2010, Madhya Pradesh,Plan Budget,83630000
2010, Gujarat,Plan Budget,609280000
2010,Daman & Diu,Plan Budget,0
2010,Dadra & Nagar Haveli,Plan Budget,0
2010, Maharashtra,Plan Budget,43400000
2010, Andhra Pradesh,Plan Budget,0
2010, Karnataka,Plan Budget,200000000
2010, Goa,Plan Budget,118800000
2010,Lakshadweep,Plan Budget,0
2010, Kerala,Plan Budget,68000000
2010, Tamil Nadu,Plan Budget,32344000
2010,Puducherry,Plan Budget,30000000
2010,Andaman & Nicobar Islands,Plan Budget,34963000
2009, Jammu & Kashmir,Total Annual Budget,392878000
2009, Himachal Pradesh,Total Annual Budget,126262457
2009, Punjab,Total Annual Budget,1072316000
2009,Chandigarh,Total Annual Budget,61200000
2009, Uttarakhand,Total Annual Budget,176950452
2009, Haryana,Total Annual Budget,1144205000
2009,Delhi,Total Annual Budget,1149023000
2009, Rajasthan,Total Annual Budget,719851000
2009, Uttar Pradesh,Total Annual Budget,5595109000
2009, Bihar,Total Annual Budget,1279409000
2009, Sikkim,Total Annual Budget,82666000
2009, Arunachal Pradesh,Total Annual Budget,42922000
2009, Nagaland,Total Annual Budget,160911000
2009, Manipur,Total Annual Budget,77268000
2009, Mizoram,Total Annual Budget,121101000
2009, Tripura,Total Annual Budget,259365000
2009, Meghalaya,Total Annual Budget,34298211
2009, Assam,Total Annual Budget,481191000
2009, West Bengal,Total Annual Budget,1466536000
2009, Jharkhand,Total Annual Budget,744871225
2009, Odisha,Total Annual Budget,786665000
2009, Chhattisgarh,Total Annual Budget,551471200
2009, Madhya Pradesh,Total Annual Budget,1210124000
2009, Gujarat,Total Annual Budget,849125000
2009,Daman & Diu,Total Annual Budget,3705000
2009,Dadra & Nagar Haveli,Total Annual Budget,950000
2009, Maharashtra,Total Annual Budget,1282958000
2009, Andhra Pradesh,Total Annual Budget,1133956000
2009, Karnataka,Total Annual Budget,568134000
2009, Goa,Total Annual Budget,242435000
2009,Lakshadweep,Total Annual Budget,900000
2009, Kerala,Total Annual Budget,477850000
2009, Tamil Nadu,Total Annual Budget,1156442000
2009,Puducherry,Total Annual Budget,49843000
2009,Andaman & Nicobar Islands,Total Annual Budget,46703000
2010, Jammu & Kashmir,Total Annual Budget,491850000
2010, Himachal Pradesh,Total Annual Budget,185423105
2010, Punjab,Total Annual Budget,1133172000
2010,Chandigarh,Total Annual Budget,68569000
2010, Uttarakhand,Total Annual Budget,186345000
2010, Haryana,Total Annual Budget,1246326000
2010,Delhi,Total Annual Budget,1192097000
2010, Rajasthan,Total Annual Budget,719493000
2010, Uttar Pradesh,Total Annual Budget,9701824000
2010, Bihar,Total Annual Budget,1379165490
2010, Sikkim,Total Annual Budget,58711499
2010, Arunachal Pradesh,Total Annual Budget,43775000
2010, Nagaland,Total Annual Budget,195892000
2010, Manipur,Total Annual Budget,125096000
2010, Mizoram,Total Annual Budget,128486000
2010, Tripura,Total Annual Budget,310588000
2010, Meghalaya,Total Annual Budget,21445000
2010, Assam,Total Annual Budget,610448000
2010, West Bengal,Total Annual Budget,1639546000
2010, Jharkhand,Total Annual Budget,747927935
2010, Odisha,Total Annual Budget,857189000
2010, Chhattisgarh,Total Annual Budget,533390100
2010, Madhya Pradesh,Total Annual Budget,1476461000
2010, Gujarat,Total Annual Budget,1114780000
2010,Daman & Diu,Total Annual Budget,3885000
2010,Dadra & Nagar Haveli,Total Annual Budget,950000
2010, Maharashtra,Total Annual Budget,1356468000
2010, Andhra Pradesh,Total Annual Budget,1268767000
2010, Karnataka,Total Annual Budget,874426000
2010, Goa,Total Annual Budget,186729000
2010,Lakshadweep,Total Annual Budget,1000000
2010, Kerala,Total Annual Budget,595850000
2010, Tamil Nadu,Total Annual Budget,1358369000
2010,Puducherry,Total Annual Budget,51033000
2010,Andaman & Nicobar Islands,Total Annual Budget,58766000
