TimePeriod,Area_Name,Indicator_Name,Data_Value
2001, Jammu & Kashmir,Number of times inmates taken for medical attendance,5931
2001, Himachal Pradesh,Number of times inmates taken for medical attendance,9015
2001, Punjab,Number of times inmates taken for medical attendance,2096
2001,Chandigarh,Number of times inmates taken for medical attendance,1800
2001, Uttarakhand,Number of times inmates taken for medical attendance,22220
2001, Haryana,Number of times inmates taken for medical attendance,9101
2001,Delhi,Number of times inmates taken for medical attendance,221197
2001, Rajasthan,Number of times inmates taken for medical attendance,28326
2001, Uttar Pradesh,Number of times inmates taken for medical attendance,253731
2001, Bihar,Number of times inmates taken for medical attendance,86297
2001, Sikkim,Number of times inmates taken for medical attendance,243
2001, Nagaland,Number of times inmates taken for medical attendance,720
2001, Manipur,Number of times inmates taken for medical attendance,2017
2001, Mizoram,Number of times inmates taken for medical attendance,551
2001, Tripura,Number of times inmates taken for medical attendance,4368
2001, Meghalaya,Number of times inmates taken for medical attendance,116
2001, Assam,Number of times inmates taken for medical attendance,4942
2001, West Bengal,Number of times inmates taken for medical attendance,46717
2001, Jharkhand,Number of times inmates taken for medical attendance,11468
2001, Odisha,Number of times inmates taken for medical attendance,33927
2001, Chhattisgarh,Number of times inmates taken for medical attendance,9834
2001, Madhya Pradesh,Number of times inmates taken for medical attendance,70863
2001, Gujarat,Number of times inmates taken for medical attendance,38758
2001,Daman & Diu,Number of times inmates taken for medical attendance,90
2001,Dadra & Nagar Haveli,Number of times inmates taken for medical attendance,0
2001, Maharashtra,Number of times inmates taken for medical attendance,24191
2001, Andhra Pradesh,Number of times inmates taken for medical attendance,130750
2001, Karnataka,Number of times inmates taken for medical attendance,2788
2001, Goa,Number of times inmates taken for medical attendance,6336
2001,Lakshadweep,Number of times inmates taken for medical attendance,0
2001, Kerala,Number of times inmates taken for medical attendance,17910
2001, Tamil Nadu,Number of times inmates taken for medical attendance,9880
2001,Puducherry,Number of times inmates taken for medical attendance,540
2001,Andaman & Nicobar Islands,Number of times inmates taken for medical attendance,576
2002, Jammu & Kashmir,Number of times inmates taken for medical attendance,8937
2002, Himachal Pradesh,Number of times inmates taken for medical attendance,20602
2002, Punjab,Number of times inmates taken for medical attendance,885
2002,Chandigarh,Number of times inmates taken for medical attendance,1928
2002, Uttarakhand,Number of times inmates taken for medical attendance,22272
2002, Haryana,Number of times inmates taken for medical attendance,23765
2002,Delhi,Number of times inmates taken for medical attendance,244889
2002, Rajasthan,Number of times inmates taken for medical attendance,17051
2002, Uttar Pradesh,Number of times inmates taken for medical attendance,202856
2002, Bihar,Number of times inmates taken for medical attendance,7557
2002, Sikkim,Number of times inmates taken for medical attendance,265
2002, Nagaland,Number of times inmates taken for medical attendance,79
2002, Manipur,Number of times inmates taken for medical attendance,2031
2002, Mizoram,Number of times inmates taken for medical attendance,420
2002, Tripura,Number of times inmates taken for medical attendance,5622
2002, Meghalaya,Number of times inmates taken for medical attendance,148
2002, Assam,Number of times inmates taken for medical attendance,5287
2002, West Bengal,Number of times inmates taken for medical attendance,15144
2002, Jharkhand,Number of times inmates taken for medical attendance,19988
2002, Odisha,Number of times inmates taken for medical attendance,7513
2002, Chhattisgarh,Number of times inmates taken for medical attendance,21992
2002, Madhya Pradesh,Number of times inmates taken for medical attendance,89466
2002, Gujarat,Number of times inmates taken for medical attendance,37827
2002,Daman & Diu,Number of times inmates taken for medical attendance,95
2002,Dadra & Nagar Haveli,Number of times inmates taken for medical attendance,0
2002, Maharashtra,Number of times inmates taken for medical attendance,24539
2002, Andhra Pradesh,Number of times inmates taken for medical attendance,144447
2002, Karnataka,Number of times inmates taken for medical attendance,1769
2002, Goa,Number of times inmates taken for medical attendance,3298
2002,Lakshadweep,Number of times inmates taken for medical attendance,0
2002, Kerala,Number of times inmates taken for medical attendance,18020
2002, Tamil Nadu,Number of times inmates taken for medical attendance,14501
2002,Puducherry,Number of times inmates taken for medical attendance,609
2002,Andaman & Nicobar Islands,Number of times inmates taken for medical attendance,570
2003, Jammu & Kashmir,Number of times inmates taken for medical attendance,7658
2003, Himachal Pradesh,Number of times inmates taken for medical attendance,8949
2003, Punjab,Number of times inmates taken for medical attendance,856
2003,Chandigarh,Number of times inmates taken for medical attendance,1925
2003, Uttarakhand,Number of times inmates taken for medical attendance,21016
2003, Haryana,Number of times inmates taken for medical attendance,6256
2003,Delhi,Number of times inmates taken for medical attendance,222036
2003, Rajasthan,Number of times inmates taken for medical attendance,22628
2003, Uttar Pradesh,Number of times inmates taken for medical attendance,162512
2003, Bihar,Number of times inmates taken for medical attendance,8647
2003, Sikkim,Number of times inmates taken for medical attendance,338
2003, Nagaland,Number of times inmates taken for medical attendance,52
2003, Manipur,Number of times inmates taken for medical attendance,1712
2003, Mizoram,Number of times inmates taken for medical attendance,140
2003, Tripura,Number of times inmates taken for medical attendance,6724
2003, Meghalaya,Number of times inmates taken for medical attendance,154
2003, Assam,Number of times inmates taken for medical attendance,5339
2003, West Bengal,Number of times inmates taken for medical attendance,18251
2003, Jharkhand,Number of times inmates taken for medical attendance,59944
2003, Odisha,Number of times inmates taken for medical attendance,8731
2003, Chhattisgarh,Number of times inmates taken for medical attendance,42906
2003, Madhya Pradesh,Number of times inmates taken for medical attendance,62389
2003, Gujarat,Number of times inmates taken for medical attendance,45718
2003,Daman & Diu,Number of times inmates taken for medical attendance,55
2003,Dadra & Nagar Haveli,Number of times inmates taken for medical attendance,0
2003, Maharashtra,Number of times inmates taken for medical attendance,27028
2003, Andhra Pradesh,Number of times inmates taken for medical attendance,80312
2003, Karnataka,Number of times inmates taken for medical attendance,1678
2003, Goa,Number of times inmates taken for medical attendance,3746
2003,Lakshadweep,Number of times inmates taken for medical attendance,1
2003, Kerala,Number of times inmates taken for medical attendance,18921
2003, Tamil Nadu,Number of times inmates taken for medical attendance,16501
2003,Puducherry,Number of times inmates taken for medical attendance,815
2003,Andaman & Nicobar Islands,Number of times inmates taken for medical attendance,470
2004, Jammu & Kashmir,Number of times inmates taken for medical attendance,2559
2004, Himachal Pradesh,Number of times inmates taken for medical attendance,3199
2004, Punjab,Number of times inmates taken for medical attendance,907
2004,Chandigarh,Number of times inmates taken for medical attendance,1248
2004, Uttarakhand,Number of times inmates taken for medical attendance,22156
2004, Haryana,Number of times inmates taken for medical attendance,28315
2004,Delhi,Number of times inmates taken for medical attendance,234373
2004, Rajasthan,Number of times inmates taken for medical attendance,25244
2004, Uttar Pradesh,Number of times inmates taken for medical attendance,96299
2004, Bihar,Number of times inmates taken for medical attendance,56833
2004, Sikkim,Number of times inmates taken for medical attendance,452
2004, Nagaland,Number of times inmates taken for medical attendance,31
2004, Manipur,Number of times inmates taken for medical attendance,937
2004, Mizoram,Number of times inmates taken for medical attendance,156
2004, Tripura,Number of times inmates taken for medical attendance,1681
2004, Meghalaya,Number of times inmates taken for medical attendance,0
2004, Assam,Number of times inmates taken for medical attendance,5732
2004, West Bengal,Number of times inmates taken for medical attendance,17998
2004, Jharkhand,Number of times inmates taken for medical attendance,16721
2004, Odisha,Number of times inmates taken for medical attendance,5886
2004, Chhattisgarh,Number of times inmates taken for medical attendance,9831
2004, Madhya Pradesh,Number of times inmates taken for medical attendance,34800
2004, Gujarat,Number of times inmates taken for medical attendance,33348
2004,Daman & Diu,Number of times inmates taken for medical attendance,49
2004,Dadra & Nagar Haveli,Number of times inmates taken for medical attendance,0
2004, Maharashtra,Number of times inmates taken for medical attendance,29908
2004, Andhra Pradesh,Number of times inmates taken for medical attendance,98985
2004, Karnataka,Number of times inmates taken for medical attendance,1512
2004, Goa,Number of times inmates taken for medical attendance,4758
2004,Lakshadweep,Number of times inmates taken for medical attendance,0
2004, Kerala,Number of times inmates taken for medical attendance,19021
2004, Tamil Nadu,Number of times inmates taken for medical attendance,16715
2004,Puducherry,Number of times inmates taken for medical attendance,922
2004,Andaman & Nicobar Islands,Number of times inmates taken for medical attendance,656
2005, Jammu & Kashmir,Number of times inmates taken for medical attendance,4101
2005, Himachal Pradesh,Number of times inmates taken for medical attendance,3199
2005, Punjab,Number of times inmates taken for medical attendance,926
2005,Chandigarh,Number of times inmates taken for medical attendance,1525
2005, Uttarakhand,Number of times inmates taken for medical attendance,27577
2005, Haryana,Number of times inmates taken for medical attendance,2038
2005,Delhi,Number of times inmates taken for medical attendance,224696
2005, Rajasthan,Number of times inmates taken for medical attendance,18815
2005, Uttar Pradesh,Number of times inmates taken for medical attendance,105494
2005, Bihar,Number of times inmates taken for medical attendance,39240
2005, Sikkim,Number of times inmates taken for medical attendance,519
2005, Nagaland,Number of times inmates taken for medical attendance,27
2005, Manipur,Number of times inmates taken for medical attendance,520
2005, Mizoram,Number of times inmates taken for medical attendance,4402
2005, Tripura,Number of times inmates taken for medical attendance,5453
2005, Meghalaya,Number of times inmates taken for medical attendance,178
2005, Assam,Number of times inmates taken for medical attendance,4952
2005, West Bengal,Number of times inmates taken for medical attendance,27535
2005, Jharkhand,Number of times inmates taken for medical attendance,27095
2005, Odisha,Number of times inmates taken for medical attendance,2315
2005, Chhattisgarh,Number of times inmates taken for medical attendance,15930
2005, Madhya Pradesh,Number of times inmates taken for medical attendance,5136
2005, Gujarat,Number of times inmates taken for medical attendance,51717
2005,Daman & Diu,Number of times inmates taken for medical attendance,53
2005,Dadra & Nagar Haveli,Number of times inmates taken for medical attendance,150
2005, Maharashtra,Number of times inmates taken for medical attendance,32213
2005, Andhra Pradesh,Number of times inmates taken for medical attendance,54040
2005, Karnataka,Number of times inmates taken for medical attendance,1726
2005, Goa,Number of times inmates taken for medical attendance,4118
2005,Lakshadweep,Number of times inmates taken for medical attendance,0
2005, Kerala,Number of times inmates taken for medical attendance,19045
2005, Tamil Nadu,Number of times inmates taken for medical attendance,8725
2005,Puducherry,Number of times inmates taken for medical attendance,1268
2005,Andaman & Nicobar Islands,Number of times inmates taken for medical attendance,2096
2006, Jammu & Kashmir,Number of times inmates taken for medical attendance,2722
2006, Himachal Pradesh,Number of times inmates taken for medical attendance,4382
2006, Punjab,Number of times inmates taken for medical attendance,897
2006,Chandigarh,Number of times inmates taken for medical attendance,1621
2006, Uttarakhand,Number of times inmates taken for medical attendance,36627
2006, Haryana,Number of times inmates taken for medical attendance,12338
2006,Delhi,Number of times inmates taken for medical attendance,254155
2006, Rajasthan,Number of times inmates taken for medical attendance,14214
2006, Uttar Pradesh,Number of times inmates taken for medical attendance,22300
2006, Bihar,Number of times inmates taken for medical attendance,13238
2006, Sikkim,Number of times inmates taken for medical attendance,601
2006, Nagaland,Number of times inmates taken for medical attendance,21
2006, Manipur,Number of times inmates taken for medical attendance,469
2006, Mizoram,Number of times inmates taken for medical attendance,522
2006, Tripura,Number of times inmates taken for medical attendance,1528
2006, Meghalaya,Number of times inmates taken for medical attendance,155
2006, Assam,Number of times inmates taken for medical attendance,5325
2006, West Bengal,Number of times inmates taken for medical attendance,38954
2006, Jharkhand,Number of times inmates taken for medical attendance,15439
2006, Odisha,Number of times inmates taken for medical attendance,2433
2006, Chhattisgarh,Number of times inmates taken for medical attendance,18121
2006, Madhya Pradesh,Number of times inmates taken for medical attendance,13921
2006, Gujarat,Number of times inmates taken for medical attendance,51507
2006,Daman & Diu,Number of times inmates taken for medical attendance,44
2006,Dadra & Nagar Haveli,Number of times inmates taken for medical attendance,160
2006, Maharashtra,Number of times inmates taken for medical attendance,33381
2006, Andhra Pradesh,Number of times inmates taken for medical attendance,44568
2006, Karnataka,Number of times inmates taken for medical attendance,1836
2006, Goa,Number of times inmates taken for medical attendance,2749
2006,Lakshadweep,Number of times inmates taken for medical attendance,0
2006, Kerala,Number of times inmates taken for medical attendance,18069
2006, Tamil Nadu,Number of times inmates taken for medical attendance,1915
2006,Puducherry,Number of times inmates taken for medical attendance,1776
2006,Andaman & Nicobar Islands,Number of times inmates taken for medical attendance,868
2007, Jammu & Kashmir,Number of times inmates taken for medical attendance,2020
2007, Himachal Pradesh,Number of times inmates taken for medical attendance,3794
2007, Punjab,Number of times inmates taken for medical attendance,913
2007,Chandigarh,Number of times inmates taken for medical attendance,1758
2007, Uttarakhand,Number of times inmates taken for medical attendance,4333
2007, Haryana,Number of times inmates taken for medical attendance,10891
2007,Delhi,Number of times inmates taken for medical attendance,277994
2007, Rajasthan,Number of times inmates taken for medical attendance,12784
2007, Uttar Pradesh,Number of times inmates taken for medical attendance,9965
2007, Bihar,Number of times inmates taken for medical attendance,14063
2007, Sikkim,Number of times inmates taken for medical attendance,977
2007, Nagaland,Number of times inmates taken for medical attendance,38
2007, Manipur,Number of times inmates taken for medical attendance,479
2007, Mizoram,Number of times inmates taken for medical attendance,441
2007, Tripura,Number of times inmates taken for medical attendance,1112
2007, Meghalaya,Number of times inmates taken for medical attendance,341
2007, Assam,Number of times inmates taken for medical attendance,3958
2007, West Bengal,Number of times inmates taken for medical attendance,36054
2007, Jharkhand,Number of times inmates taken for medical attendance,7014
2007, Odisha,Number of times inmates taken for medical attendance,2819
2007, Chhattisgarh,Number of times inmates taken for medical attendance,20855
2007, Madhya Pradesh,Number of times inmates taken for medical attendance,10574
2007, Gujarat,Number of times inmates taken for medical attendance,54721
2007,Daman & Diu,Number of times inmates taken for medical attendance,44
2007,Dadra & Nagar Haveli,Number of times inmates taken for medical attendance,251
2007, Maharashtra,Number of times inmates taken for medical attendance,29657
2007, Andhra Pradesh,Number of times inmates taken for medical attendance,61835
2007, Karnataka,Number of times inmates taken for medical attendance,678
2007, Goa,Number of times inmates taken for medical attendance,3283
2007,Lakshadweep,Number of times inmates taken for medical attendance,0
2007, Kerala,Number of times inmates taken for medical attendance,17659
2007, Tamil Nadu,Number of times inmates taken for medical attendance,5768
2007,Puducherry,Number of times inmates taken for medical attendance,2183
2007,Andaman & Nicobar Islands,Number of times inmates taken for medical attendance,118
2001, Jammu & Kashmir,Number of times inmates taken to courts,20224
2001, Himachal Pradesh,Number of times inmates taken to courts,22982
2001, Punjab,Number of times inmates taken to courts,55248
2001,Chandigarh,Number of times inmates taken to courts,10800
2001, Uttarakhand,Number of times inmates taken to courts,3263
2001, Haryana,Number of times inmates taken to courts,37352
2001,Delhi,Number of times inmates taken to courts,265776
2001, Rajasthan,Number of times inmates taken to courts,237834
2001, Uttar Pradesh,Number of times inmates taken to courts,466987
2001, Bihar,Number of times inmates taken to courts,402156
2001, Sikkim,Number of times inmates taken to courts,268
2001, Nagaland,Number of times inmates taken to courts,1330
2001, Manipur,Number of times inmates taken to courts,821
2001, Mizoram,Number of times inmates taken to courts,1354
2001, Tripura,Number of times inmates taken to courts,8232
2001, Meghalaya,Number of times inmates taken to courts,6085
2001, Assam,Number of times inmates taken to courts,44064
2001, West Bengal,Number of times inmates taken to courts,111216
2001, Jharkhand,Number of times inmates taken to courts,201521
2001, Odisha,Number of times inmates taken to courts,160123
2001, Chhattisgarh,Number of times inmates taken to courts,486880
2001, Madhya Pradesh,Number of times inmates taken to courts,173782
2001, Gujarat,Number of times inmates taken to courts,135296
2001,Daman & Diu,Number of times inmates taken to courts,311
2001,Dadra & Nagar Haveli,Number of times inmates taken to courts,0
2001, Maharashtra,Number of times inmates taken to courts,314265
2001, Andhra Pradesh,Number of times inmates taken to courts,198401
2001, Karnataka,Number of times inmates taken to courts,232069
2001, Goa,Number of times inmates taken to courts,7885
2001,Lakshadweep,Number of times inmates taken to courts,0
2001, Kerala,Number of times inmates taken to courts,18366
2001, Tamil Nadu,Number of times inmates taken to courts,131554
2001,Puducherry,Number of times inmates taken to courts,4388
2001,Andaman & Nicobar Islands,Number of times inmates taken to courts,2016
2002, Jammu & Kashmir,Number of times inmates taken to courts,26468
2002, Himachal Pradesh,Number of times inmates taken to courts,14327
2002, Punjab,Number of times inmates taken to courts,1035
2002,Chandigarh,Number of times inmates taken to courts,11525
2002, Uttarakhand,Number of times inmates taken to courts,3192
2002, Haryana,Number of times inmates taken to courts,125492
2002,Delhi,Number of times inmates taken to courts,273943
2002, Rajasthan,Number of times inmates taken to courts,164369
2002, Uttar Pradesh,Number of times inmates taken to courts,561903
2002, Bihar,Number of times inmates taken to courts,21320
2002, Sikkim,Number of times inmates taken to courts,269
2002, Nagaland,Number of times inmates taken to courts,244
2002, Manipur,Number of times inmates taken to courts,783
2002, Mizoram,Number of times inmates taken to courts,1150
2002, Tripura,Number of times inmates taken to courts,9325
2002, Meghalaya,Number of times inmates taken to courts,3554
2002, Assam,Number of times inmates taken to courts,54571
2002, West Bengal,Number of times inmates taken to courts,109367
2002, Jharkhand,Number of times inmates taken to courts,232624
2002, Odisha,Number of times inmates taken to courts,35785
2002, Chhattisgarh,Number of times inmates taken to courts,80912
2002, Madhya Pradesh,Number of times inmates taken to courts,211807
2002, Gujarat,Number of times inmates taken to courts,198500
2002,Daman & Diu,Number of times inmates taken to courts,295
2002,Dadra & Nagar Haveli,Number of times inmates taken to courts,0
2002, Maharashtra,Number of times inmates taken to courts,332694
2002, Andhra Pradesh,Number of times inmates taken to courts,182372
2002, Karnataka,Number of times inmates taken to courts,144261
2002, Goa,Number of times inmates taken to courts,5033
2002,Lakshadweep,Number of times inmates taken to courts,0
2002, Kerala,Number of times inmates taken to courts,19868
2002, Tamil Nadu,Number of times inmates taken to courts,263970
2002,Puducherry,Number of times inmates taken to courts,5604
2002,Andaman & Nicobar Islands,Number of times inmates taken to courts,1760
2003, Jammu & Kashmir,Number of times inmates taken to courts,23741
2003, Himachal Pradesh,Number of times inmates taken to courts,16467
2003, Punjab,Number of times inmates taken to courts,1020
2003,Chandigarh,Number of times inmates taken to courts,11784
2003, Uttarakhand,Number of times inmates taken to courts,19248
2003, Haryana,Number of times inmates taken to courts,65511
2003,Delhi,Number of times inmates taken to courts,281258
2003, Rajasthan,Number of times inmates taken to courts,165841
2003, Uttar Pradesh,Number of times inmates taken to courts,479589
2003, Bihar,Number of times inmates taken to courts,47142
2003, Sikkim,Number of times inmates taken to courts,389
2003, Nagaland,Number of times inmates taken to courts,212
2003, Manipur,Number of times inmates taken to courts,407
2003, Mizoram,Number of times inmates taken to courts,292
2003, Tripura,Number of times inmates taken to courts,12708
2003, Meghalaya,Number of times inmates taken to courts,2436
2003, Assam,Number of times inmates taken to courts,40680
2003, West Bengal,Number of times inmates taken to courts,110025
2003, Jharkhand,Number of times inmates taken to courts,222887
2003, Odisha,Number of times inmates taken to courts,38307
2003, Chhattisgarh,Number of times inmates taken to courts,81375
2003, Madhya Pradesh,Number of times inmates taken to courts,223785
2003, Gujarat,Number of times inmates taken to courts,157019
2003,Daman & Diu,Number of times inmates taken to courts,240
2003,Dadra & Nagar Haveli,Number of times inmates taken to courts,0
2003, Maharashtra,Number of times inmates taken to courts,260182
2003, Andhra Pradesh,Number of times inmates taken to courts,133217
2003, Karnataka,Number of times inmates taken to courts,154131
2003, Goa,Number of times inmates taken to courts,6645
2003,Lakshadweep,Number of times inmates taken to courts,2
2003, Kerala,Number of times inmates taken to courts,20861
2003, Tamil Nadu,Number of times inmates taken to courts,267971
2003,Puducherry,Number of times inmates taken to courts,5862
2003,Andaman & Nicobar Islands,Number of times inmates taken to courts,879
2004, Jammu & Kashmir,Number of times inmates taken to courts,24979
2004, Himachal Pradesh,Number of times inmates taken to courts,14831
2004, Punjab,Number of times inmates taken to courts,1265
2004,Chandigarh,Number of times inmates taken to courts,12480
2004, Uttarakhand,Number of times inmates taken to courts,20124
2004, Haryana,Number of times inmates taken to courts,82228
2004,Delhi,Number of times inmates taken to courts,308256
2004, Rajasthan,Number of times inmates taken to courts,143515
2004, Uttar Pradesh,Number of times inmates taken to courts,181989
2004, Bihar,Number of times inmates taken to courts,442598
2004, Sikkim,Number of times inmates taken to courts,2074
2004, Nagaland,Number of times inmates taken to courts,207
2004, Manipur,Number of times inmates taken to courts,9998
2004, Mizoram,Number of times inmates taken to courts,243
2004, Tripura,Number of times inmates taken to courts,15194
2004, Meghalaya,Number of times inmates taken to courts,0
2004, Assam,Number of times inmates taken to courts,89131
2004, West Bengal,Number of times inmates taken to courts,131663
2004, Jharkhand,Number of times inmates taken to courts,251952
2004, Odisha,Number of times inmates taken to courts,30251
2004, Chhattisgarh,Number of times inmates taken to courts,94804
2004, Madhya Pradesh,Number of times inmates taken to courts,340317
2004, Gujarat,Number of times inmates taken to courts,245073
2004,Daman & Diu,Number of times inmates taken to courts,220
2004,Dadra & Nagar Haveli,Number of times inmates taken to courts,0
2004, Maharashtra,Number of times inmates taken to courts,320395
2004, Andhra Pradesh,Number of times inmates taken to courts,163528
2004, Karnataka,Number of times inmates taken to courts,149032
2004, Goa,Number of times inmates taken to courts,10781
2004,Lakshadweep,Number of times inmates taken to courts,0
2004, Kerala,Number of times inmates taken to courts,21613
2004, Tamil Nadu,Number of times inmates taken to courts,271971
2004,Puducherry,Number of times inmates taken to courts,6742
2004,Andaman & Nicobar Islands,Number of times inmates taken to courts,918
2005, Jammu & Kashmir,Number of times inmates taken to courts,32098
2005, Himachal Pradesh,Number of times inmates taken to courts,14831
2005, Punjab,Number of times inmates taken to courts,1208
2005,Chandigarh,Number of times inmates taken to courts,11560
2005, Uttarakhand,Number of times inmates taken to courts,4796
2005, Haryana,Number of times inmates taken to courts,35250
2005,Delhi,Number of times inmates taken to courts,295872
2005, Rajasthan,Number of times inmates taken to courts,113341
2005, Uttar Pradesh,Number of times inmates taken to courts,383330
2005, Bihar,Number of times inmates taken to courts,588965
2005, Sikkim,Number of times inmates taken to courts,2928
2005, Nagaland,Number of times inmates taken to courts,207
2005, Manipur,Number of times inmates taken to courts,198
2005, Mizoram,Number of times inmates taken to courts,1352
2005, Tripura,Number of times inmates taken to courts,7138
2005, Meghalaya,Number of times inmates taken to courts,2142
2005, Assam,Number of times inmates taken to courts,71000
2005, West Bengal,Number of times inmates taken to courts,158536
2005, Jharkhand,Number of times inmates taken to courts,271076
2005, Odisha,Number of times inmates taken to courts,46224
2005, Chhattisgarh,Number of times inmates taken to courts,86212
2005, Madhya Pradesh,Number of times inmates taken to courts,11145
2005, Gujarat,Number of times inmates taken to courts,233826
2005,Daman & Diu,Number of times inmates taken to courts,232
2005,Dadra & Nagar Haveli,Number of times inmates taken to courts,0
2005, Maharashtra,Number of times inmates taken to courts,378895
2005, Andhra Pradesh,Number of times inmates taken to courts,166501
2005, Karnataka,Number of times inmates taken to courts,162312
2005, Goa,Number of times inmates taken to courts,8972
2005,Lakshadweep,Number of times inmates taken to courts,0
2005, Kerala,Number of times inmates taken to courts,21618
2005, Tamil Nadu,Number of times inmates taken to courts,106618
2005,Puducherry,Number of times inmates taken to courts,7149
2005,Andaman & Nicobar Islands,Number of times inmates taken to courts,0
2006, Jammu & Kashmir,Number of times inmates taken to courts,31495
2006, Himachal Pradesh,Number of times inmates taken to courts,18375
2006, Punjab,Number of times inmates taken to courts,1221
2006,Chandigarh,Number of times inmates taken to courts,12120
2006, Uttarakhand,Number of times inmates taken to courts,3687
2006,Delhi,Number of times inmates taken to courts,284986
2006, Rajasthan,Number of times inmates taken to courts,72121
2006, Uttar Pradesh,Number of times inmates taken to courts,453144
2006, Bihar,Number of times inmates taken to courts,454130
2006, Sikkim,Number of times inmates taken to courts,2409
2006, Nagaland,Number of times inmates taken to courts,202
2006, Manipur,Number of times inmates taken to courts,229
2006, Mizoram,Number of times inmates taken to courts,1446
2006, Tripura,Number of times inmates taken to courts,8206
2006, Meghalaya,Number of times inmates taken to courts,2309
2006, Assam,Number of times inmates taken to courts,56859
2006, West Bengal,Number of times inmates taken to courts,133202
2006, Jharkhand,Number of times inmates taken to courts,181785
2006, Odisha,Number of times inmates taken to courts,48561
2006, Chhattisgarh,Number of times inmates taken to courts,99417
2006, Madhya Pradesh,Number of times inmates taken to courts,102460
2006, Gujarat,Number of times inmates taken to courts,107881
2006,Daman & Diu,Number of times inmates taken to courts,214
2006,Dadra & Nagar Haveli,Number of times inmates taken to courts,0
2006, Maharashtra,Number of times inmates taken to courts,362910
2006, Andhra Pradesh,Number of times inmates taken to courts,175547
2006, Karnataka,Number of times inmates taken to courts,180121
2006, Goa,Number of times inmates taken to courts,7873
2006,Lakshadweep,Number of times inmates taken to courts,0
2006, Kerala,Number of times inmates taken to courts,63590
2006, Tamil Nadu,Number of times inmates taken to courts,107717
2006,Puducherry,Number of times inmates taken to courts,5937
2006,Andaman & Nicobar Islands,Number of times inmates taken to courts,2096
2007, Jammu & Kashmir,Number of times inmates taken to courts,35932
2007, Himachal Pradesh,Number of times inmates taken to courts,17323
2007, Punjab,Number of times inmates taken to courts,1187
2007,Chandigarh,Number of times inmates taken to courts,10255
2007, Uttarakhand,Number of times inmates taken to courts,3470
2007, Haryana,Number of times inmates taken to courts,146808
2007,Delhi,Number of times inmates taken to courts,276277
2007, Rajasthan,Number of times inmates taken to courts,60801
2007, Uttar Pradesh,Number of times inmates taken to courts,471255
2007, Bihar,Number of times inmates taken to courts,497239
2007, Sikkim,Number of times inmates taken to courts,4169
2007, Nagaland,Number of times inmates taken to courts,271
2007, Manipur,Number of times inmates taken to courts,255
2007, Mizoram,Number of times inmates taken to courts,1137
2007, Tripura,Number of times inmates taken to courts,991
2007, Meghalaya,Number of times inmates taken to courts,4442
2007, Assam,Number of times inmates taken to courts,30708
2007, West Bengal,Number of times inmates taken to courts,143200
2007, Jharkhand,Number of times inmates taken to courts,175543
2007, Odisha,Number of times inmates taken to courts,52123
2007, Chhattisgarh,Number of times inmates taken to courts,117657
2007, Madhya Pradesh,Number of times inmates taken to courts,83499
2007, Gujarat,Number of times inmates taken to courts,111575
2007,Daman & Diu,Number of times inmates taken to courts,214
2007,Dadra & Nagar Haveli,Number of times inmates taken to courts,880
2007, Maharashtra,Number of times inmates taken to courts,385583
2007, Andhra Pradesh,Number of times inmates taken to courts,198478
2007, Karnataka,Number of times inmates taken to courts,87064
2007, Goa,Number of times inmates taken to courts,0
2007,Lakshadweep,Number of times inmates taken to courts,0
2007, Kerala,Number of times inmates taken to courts,65320
2007, Tamil Nadu,Number of times inmates taken to courts,115962
2007,Puducherry,Number of times inmates taken to courts,5362
2007,Andaman & Nicobar Islands,Number of times inmates taken to courts,2043
2001, Jammu & Kashmir,Inmates taken on remand and for other purposes,3202
2001, Himachal Pradesh,Inmates taken on remand and for other purposes,0
2001, Punjab,Inmates taken on remand and for other purposes,795
2001,Chandigarh,Inmates taken on remand and for other purposes,87
2001, Uttarakhand,Inmates taken on remand and for other purposes,111
2001, Haryana,Inmates taken on remand and for other purposes,2643
2001,Delhi,Inmates taken on remand and for other purposes,1340
2001, Rajasthan,Inmates taken on remand and for other purposes,2116
2001, Uttar Pradesh,Inmates taken on remand and for other purposes,1645
2001, Bihar,Inmates taken on remand and for other purposes,383
2001, Sikkim,Inmates taken on remand and for other purposes,255
2001, Nagaland,Inmates taken on remand and for other purposes,430
2001, Manipur,Inmates taken on remand and for other purposes,5
2001, Mizoram,Inmates taken on remand and for other purposes,120
2001, Tripura,Inmates taken on remand and for other purposes,71
2001, Meghalaya,Inmates taken on remand and for other purposes,74
2001, Assam,Inmates taken on remand and for other purposes,12463
2001, West Bengal,Inmates taken on remand and for other purposes,595
2001, Jharkhand,Inmates taken on remand and for other purposes,435
2001, Odisha,Inmates taken on remand and for other purposes,107
2001, Chhattisgarh,Inmates taken on remand and for other purposes,1475
2001, Madhya Pradesh,Inmates taken on remand and for other purposes,356
2001, Gujarat,Inmates taken on remand and for other purposes,1974
2001,Daman & Diu,Inmates taken on remand and for other purposes,0
2001,Dadra & Nagar Haveli,Inmates taken on remand and for other purposes,0
2001, Maharashtra,Inmates taken on remand and for other purposes,6508
2001, Andhra Pradesh,Inmates taken on remand and for other purposes,1120
2001, Karnataka,Inmates taken on remand and for other purposes,2509
2001, Goa,Inmates taken on remand and for other purposes,149
2001,Lakshadweep,Inmates taken on remand and for other purposes,0
2001, Kerala,Inmates taken on remand and for other purposes,4560
2001, Tamil Nadu,Inmates taken on remand and for other purposes,50322
2001,Puducherry,Inmates taken on remand and for other purposes,0
2001,Andaman & Nicobar Islands,Inmates taken on remand and for other purposes,0
2002, Jammu & Kashmir,Inmates taken on remand and for other purposes,1475
2002, Himachal Pradesh,Inmates taken on remand and for other purposes,673
2002, Punjab,Inmates taken on remand and for other purposes,3362
2002,Chandigarh,Inmates taken on remand and for other purposes,92
2002, Uttarakhand,Inmates taken on remand and for other purposes,142
2002, Haryana,Inmates taken on remand and for other purposes,354
2002,Delhi,Inmates taken on remand and for other purposes,1111
2002, Rajasthan,Inmates taken on remand and for other purposes,2364
2002, Uttar Pradesh,Inmates taken on remand and for other purposes,2997
2002, Bihar,Inmates taken on remand and for other purposes,494
2002, Sikkim,Inmates taken on remand and for other purposes,270
2002, Nagaland,Inmates taken on remand and for other purposes,47
2002, Manipur,Inmates taken on remand and for other purposes,68
2002, Mizoram,Inmates taken on remand and for other purposes,68
2002, Tripura,Inmates taken on remand and for other purposes,152
2002, Meghalaya,Inmates taken on remand and for other purposes,43
2002, Assam,Inmates taken on remand and for other purposes,13875
2002, West Bengal,Inmates taken on remand and for other purposes,665
2002, Jharkhand,Inmates taken on remand and for other purposes,631
2002, Odisha,Inmates taken on remand and for other purposes,73
2002, Chhattisgarh,Inmates taken on remand and for other purposes,27
2002, Madhya Pradesh,Inmates taken on remand and for other purposes,1688
2002, Gujarat,Inmates taken on remand and for other purposes,1941
2002,Daman & Diu,Inmates taken on remand and for other purposes,0
2002,Dadra & Nagar Haveli,Inmates taken on remand and for other purposes,0
2002, Maharashtra,Inmates taken on remand and for other purposes,5061
2002, Andhra Pradesh,Inmates taken on remand and for other purposes,6065
2002, Karnataka,Inmates taken on remand and for other purposes,312
2002, Goa,Inmates taken on remand and for other purposes,273
2002,Lakshadweep,Inmates taken on remand and for other purposes,0
2002, Kerala,Inmates taken on remand and for other purposes,4630
2002, Tamil Nadu,Inmates taken on remand and for other purposes,1214
2002,Puducherry,Inmates taken on remand and for other purposes,0
2002,Andaman & Nicobar Islands,Inmates taken on remand and for other purposes,0
2003, Jammu & Kashmir,Inmates taken on remand and for other purposes,1887
2003, Himachal Pradesh,Inmates taken on remand and for other purposes,5
2003, Punjab,Inmates taken on remand and for other purposes,3045
2003,Chandigarh,Inmates taken on remand and for other purposes,42
2003, Uttarakhand,Inmates taken on remand and for other purposes,73
2003, Haryana,Inmates taken on remand and for other purposes,737
2003,Delhi,Inmates taken on remand and for other purposes,1166
2003, Rajasthan,Inmates taken on remand and for other purposes,2332
2003, Uttar Pradesh,Inmates taken on remand and for other purposes,2204
2003, Bihar,Inmates taken on remand and for other purposes,754
2003, Sikkim,Inmates taken on remand and for other purposes,457
2003, Nagaland,Inmates taken on remand and for other purposes,17
2003, Manipur,Inmates taken on remand and for other purposes,87
2003, Mizoram,Inmates taken on remand and for other purposes,92
2003, Tripura,Inmates taken on remand and for other purposes,84
2003, Meghalaya,Inmates taken on remand and for other purposes,43
2003, Assam,Inmates taken on remand and for other purposes,14741
2003, West Bengal,Inmates taken on remand and for other purposes,599
2003, Jharkhand,Inmates taken on remand and for other purposes,443
2003, Odisha,Inmates taken on remand and for other purposes,83
2003, Chhattisgarh,Inmates taken on remand and for other purposes,220
2003, Madhya Pradesh,Inmates taken on remand and for other purposes,743
2003, Gujarat,Inmates taken on remand and for other purposes,1675
2003,Daman & Diu,Inmates taken on remand and for other purposes,0
2003,Dadra & Nagar Haveli,Inmates taken on remand and for other purposes,0
2003, Maharashtra,Inmates taken on remand and for other purposes,12946
2003, Andhra Pradesh,Inmates taken on remand and for other purposes,2931
2003, Karnataka,Inmates taken on remand and for other purposes,293
2003, Goa,Inmates taken on remand and for other purposes,113
2003,Lakshadweep,Inmates taken on remand and for other purposes,0
2003, Kerala,Inmates taken on remand and for other purposes,4861
2003, Tamil Nadu,Inmates taken on remand and for other purposes,1317
2003,Puducherry,Inmates taken on remand and for other purposes,0
2003,Andaman & Nicobar Islands,Inmates taken on remand and for other purposes,0
2004, Jammu & Kashmir,Inmates taken on remand and for other purposes,2137
2004, Himachal Pradesh,Inmates taken on remand and for other purposes,17
2004, Punjab,Inmates taken on remand and for other purposes,3240
2004,Chandigarh,Inmates taken on remand and for other purposes,35
2004, Uttarakhand,Inmates taken on remand and for other purposes,85
2004, Haryana,Inmates taken on remand and for other purposes,434
2004,Delhi,Inmates taken on remand and for other purposes,1472
2004, Rajasthan,Inmates taken on remand and for other purposes,3187
2004, Uttar Pradesh,Inmates taken on remand and for other purposes,3089
2004, Bihar,Inmates taken on remand and for other purposes,657
2004, Sikkim,Inmates taken on remand and for other purposes,525
2004, Nagaland,Inmates taken on remand and for other purposes,21
2004, Manipur,Inmates taken on remand and for other purposes,5
2004, Mizoram,Inmates taken on remand and for other purposes,102
2004, Tripura,Inmates taken on remand and for other purposes,28
2004, Meghalaya,Inmates taken on remand and for other purposes,0
2004, Assam,Inmates taken on remand and for other purposes,18973
2004, West Bengal,Inmates taken on remand and for other purposes,650
2004, Jharkhand,Inmates taken on remand and for other purposes,456
2004, Odisha,Inmates taken on remand and for other purposes,152
2004, Chhattisgarh,Inmates taken on remand and for other purposes,7252
2004, Madhya Pradesh,Inmates taken on remand and for other purposes,565
2004, Gujarat,Inmates taken on remand and for other purposes,1688
2004,Daman & Diu,Inmates taken on remand and for other purposes,0
2004,Dadra & Nagar Haveli,Inmates taken on remand and for other purposes,0
2004, Maharashtra,Inmates taken on remand and for other purposes,13933
2004, Andhra Pradesh,Inmates taken on remand and for other purposes,786
2004, Karnataka,Inmates taken on remand and for other purposes,213
2004, Goa,Inmates taken on remand and for other purposes,354
2004,Lakshadweep,Inmates taken on remand and for other purposes,0
2004, Kerala,Inmates taken on remand and for other purposes,4905
2004, Tamil Nadu,Inmates taken on remand and for other purposes,1415
2004,Puducherry,Inmates taken on remand and for other purposes,0
2004,Andaman & Nicobar Islands,Inmates taken on remand and for other purposes,0
2005, Jammu & Kashmir,Inmates taken on remand and for other purposes,2752
2005, Himachal Pradesh,Inmates taken on remand and for other purposes,17
2005, Punjab,Inmates taken on remand and for other purposes,3025
2005,Chandigarh,Inmates taken on remand and for other purposes,3
2005, Uttarakhand,Inmates taken on remand and for other purposes,108
2005, Haryana,Inmates taken on remand and for other purposes,235
2005,Delhi,Inmates taken on remand and for other purposes,1244
2005, Rajasthan,Inmates taken on remand and for other purposes,3773
2005, Uttar Pradesh,Inmates taken on remand and for other purposes,4312
2005, Bihar,Inmates taken on remand and for other purposes,2081
2005, Sikkim,Inmates taken on remand and for other purposes,500
2005, Nagaland,Inmates taken on remand and for other purposes,0
2005, Manipur,Inmates taken on remand and for other purposes,4
2005, Mizoram,Inmates taken on remand and for other purposes,88
2005, Tripura,Inmates taken on remand and for other purposes,542
2005, Meghalaya,Inmates taken on remand and for other purposes,73
2005, Assam,Inmates taken on remand and for other purposes,365
2005, West Bengal,Inmates taken on remand and for other purposes,847
2005, Jharkhand,Inmates taken on remand and for other purposes,612
2005, Odisha,Inmates taken on remand and for other purposes,92
2005, Chhattisgarh,Inmates taken on remand and for other purposes,0
2005, Madhya Pradesh,Inmates taken on remand and for other purposes,363
2005, Gujarat,Inmates taken on remand and for other purposes,1876
2005,Daman & Diu,Inmates taken on remand and for other purposes,0
2005,Dadra & Nagar Haveli,Inmates taken on remand and for other purposes,0
2005, Maharashtra,Inmates taken on remand and for other purposes,13581
2005, Andhra Pradesh,Inmates taken on remand and for other purposes,3727
2005, Karnataka,Inmates taken on remand and for other purposes,198
2005, Goa,Inmates taken on remand and for other purposes,867
2005,Lakshadweep,Inmates taken on remand and for other purposes,0
2005, Kerala,Inmates taken on remand and for other purposes,4919
2005, Tamil Nadu,Inmates taken on remand and for other purposes,22993
2005,Puducherry,Inmates taken on remand and for other purposes,0
2005,Andaman & Nicobar Islands,Inmates taken on remand and for other purposes,868
2006, Jammu & Kashmir,Inmates taken on remand and for other purposes,3959
2006, Himachal Pradesh,Inmates taken on remand and for other purposes,24
2006, Punjab,Inmates taken on remand and for other purposes,3347
2006,Chandigarh,Inmates taken on remand and for other purposes,15
2006, Uttarakhand,Inmates taken on remand and for other purposes,109
2006, Haryana,Inmates taken on remand and for other purposes,333
2006,Delhi,Inmates taken on remand and for other purposes,1397
2006, Rajasthan,Inmates taken on remand and for other purposes,4468
2006, Uttar Pradesh,Inmates taken on remand and for other purposes,2407
2006, Bihar,Inmates taken on remand and for other purposes,800
2006, Sikkim,Inmates taken on remand and for other purposes,615
2006, Nagaland,Inmates taken on remand and for other purposes,0
2006, Manipur,Inmates taken on remand and for other purposes,2
2006, Mizoram,Inmates taken on remand and for other purposes,232
2006, Tripura,Inmates taken on remand and for other purposes,79
2006, Meghalaya,Inmates taken on remand and for other purposes,273
2006, Assam,Inmates taken on remand and for other purposes,381
2006, West Bengal,Inmates taken on remand and for other purposes,6454
2006, Jharkhand,Inmates taken on remand and for other purposes,836
2006, Odisha,Inmates taken on remand and for other purposes,80
2006, Chhattisgarh,Inmates taken on remand and for other purposes,1502
2006, Madhya Pradesh,Inmates taken on remand and for other purposes,7178
2006, Gujarat,Inmates taken on remand and for other purposes,2032
2006,Daman & Diu,Inmates taken on remand and for other purposes,0
2006,Dadra & Nagar Haveli,Inmates taken on remand and for other purposes,0
2006, Maharashtra,Inmates taken on remand and for other purposes,12570
2006, Andhra Pradesh,Inmates taken on remand and for other purposes,1807
2006, Karnataka,Inmates taken on remand and for other purposes,236
2006, Goa,Inmates taken on remand and for other purposes,322
2006,Lakshadweep,Inmates taken on remand and for other purposes,0
2006, Kerala,Inmates taken on remand and for other purposes,2753
2006, Tamil Nadu,Inmates taken on remand and for other purposes,21877
2006,Puducherry,Inmates taken on remand and for other purposes,0
2006,Andaman & Nicobar Islands,Inmates taken on remand and for other purposes,0
2007, Jammu & Kashmir,Inmates taken on remand and for other purposes,4715
2007, Himachal Pradesh,Inmates taken on remand and for other purposes,42
2007, Punjab,Inmates taken on remand and for other purposes,3296
2007,Chandigarh,Inmates taken on remand and for other purposes,38
2007, Uttarakhand,Inmates taken on remand and for other purposes,111
2007, Haryana,Inmates taken on remand and for other purposes,553
2007,Delhi,Inmates taken on remand and for other purposes,1184
2007, Rajasthan,Inmates taken on remand and for other purposes,4213
2007, Uttar Pradesh,Inmates taken on remand and for other purposes,4854
2007, Bihar,Inmates taken on remand and for other purposes,794
2007, Sikkim,Inmates taken on remand and for other purposes,372
2007, Nagaland,Inmates taken on remand and for other purposes,0
2007, Manipur,Inmates taken on remand and for other purposes,3
2007, Mizoram,Inmates taken on remand and for other purposes,234
2007, Tripura,Inmates taken on remand and for other purposes,63
2007, Meghalaya,Inmates taken on remand and for other purposes,178
2007, Assam,Inmates taken on remand and for other purposes,362
2007, West Bengal,Inmates taken on remand and for other purposes,5454
2007, Jharkhand,Inmates taken on remand and for other purposes,637
2007, Odisha,Inmates taken on remand and for other purposes,102
2007, Chhattisgarh,Inmates taken on remand and for other purposes,73
2007, Madhya Pradesh,Inmates taken on remand and for other purposes,2381
2007, Gujarat,Inmates taken on remand and for other purposes,2638
2007,Daman & Diu,Inmates taken on remand and for other purposes,0
2007,Dadra & Nagar Haveli,Inmates taken on remand and for other purposes,0
2007, Maharashtra,Inmates taken on remand and for other purposes,19957
2007, Andhra Pradesh,Inmates taken on remand and for other purposes,6810
2007, Karnataka,Inmates taken on remand and for other purposes,0
2007, Goa,Inmates taken on remand and for other purposes,1274
2007,Lakshadweep,Inmates taken on remand and for other purposes,0
2007, Kerala,Inmates taken on remand and for other purposes,2923
2007, Tamil Nadu,Inmates taken on remand and for other purposes,2565
2007,Puducherry,Inmates taken on remand and for other purposes,0
2007,Andaman & Nicobar Islands,Inmates taken on remand and for other purposes,0
2008, Jammu & Kashmir,Number of times inmates taken for medical attendance,9801
2008, Himachal Pradesh,Number of times inmates taken for medical attendance,3305
2008, Punjab,Number of times inmates taken for medical attendance,947
2008,Chandigarh,Number of times inmates taken for medical attendance,1825
2008, Uttarakhand,Number of times inmates taken for medical attendance,26671
2008, Haryana,Number of times inmates taken for medical attendance,14753
2008,Delhi,Number of times inmates taken for medical attendance,283312
2008, Rajasthan,Number of times inmates taken for medical attendance,14966
2008, Uttar Pradesh,Number of times inmates taken for medical attendance,82749
2008, Bihar,Number of times inmates taken for medical attendance,14217
2008, Sikkim,Number of times inmates taken for medical attendance,555
2008, Nagaland,Number of times inmates taken for medical attendance,32
2008, Manipur,Number of times inmates taken for medical attendance,488
2008, Mizoram,Number of times inmates taken for medical attendance,488
2008, Tripura,Number of times inmates taken for medical attendance,1344
2008, Meghalaya,Number of times inmates taken for medical attendance,174
2008, Assam,Number of times inmates taken for medical attendance,4291
2008, West Bengal,Number of times inmates taken for medical attendance,36620
2008, Jharkhand,Number of times inmates taken for medical attendance,4034
2008, Odisha,Number of times inmates taken for medical attendance,2613
2008, Chhattisgarh,Number of times inmates taken for medical attendance,34776
2008, Madhya Pradesh,Number of times inmates taken for medical attendance,71951
2008, Gujarat,Number of times inmates taken for medical attendance,31231
2008,Daman & Diu,Number of times inmates taken for medical attendance,56
2008,Dadra & Nagar Haveli,Number of times inmates taken for medical attendance,232
2008, Maharashtra,Number of times inmates taken for medical attendance,28974
2008, Andhra Pradesh,Number of times inmates taken for medical attendance,68587
2008, Karnataka,Number of times inmates taken for medical attendance,538
2008, Goa,Number of times inmates taken for medical attendance,5198
2008,Lakshadweep,Number of times inmates taken for medical attendance,0
2008, Kerala,Number of times inmates taken for medical attendance,17767
2008, Tamil Nadu,Number of times inmates taken for medical attendance,18192
2008,Puducherry,Number of times inmates taken for medical attendance,2476
2008,Andaman & Nicobar Islands,Number of times inmates taken for medical attendance,912
2008, Jammu & Kashmir,Number of times inmates taken to courts,30264
2008, Himachal Pradesh,Number of times inmates taken to courts,17679
2008, Punjab,Number of times inmates taken to courts,1203
2008,Chandigarh,Number of times inmates taken to courts,12615
2008, Uttarakhand,Number of times inmates taken to courts,12770
2008, Haryana,Number of times inmates taken to courts,221774
2008,Delhi,Number of times inmates taken to courts,229211
2008, Rajasthan,Number of times inmates taken to courts,64347
2008, Uttar Pradesh,Number of times inmates taken to courts,547763
2008, Bihar,Number of times inmates taken to courts,402931
2008, Sikkim,Number of times inmates taken to courts,3914
2008, Nagaland,Number of times inmates taken to courts,273
2008, Manipur,Number of times inmates taken to courts,249
2008, Mizoram,Number of times inmates taken to courts,249
2008, Tripura,Number of times inmates taken to courts,1428
2008, Meghalaya,Number of times inmates taken to courts,2985
2008, Assam,Number of times inmates taken to courts,36005
2008, West Bengal,Number of times inmates taken to courts,146100
2008, Jharkhand,Number of times inmates taken to courts,160062
2008, Odisha,Number of times inmates taken to courts,52002
2008, Chhattisgarh,Number of times inmates taken to courts,98431
2008, Madhya Pradesh,Number of times inmates taken to courts,74271
2008, Gujarat,Number of times inmates taken to courts,92829
2008,Daman & Diu,Number of times inmates taken to courts,154
2008,Dadra & Nagar Haveli,Number of times inmates taken to courts,891
2008, Maharashtra,Number of times inmates taken to courts,351102
2008, Andhra Pradesh,Number of times inmates taken to courts,173297
2008, Karnataka,Number of times inmates taken to courts,88163
2008, Goa,Number of times inmates taken to courts,8469
2008,Lakshadweep,Number of times inmates taken to courts,0
2008, Kerala,Number of times inmates taken to courts,59415
2008, Tamil Nadu,Number of times inmates taken to courts,128272
2008,Puducherry,Number of times inmates taken to courts,4852
2008,Andaman & Nicobar Islands,Number of times inmates taken to courts,5204
2008, Jammu & Kashmir,Inmates taken on remand and for other purposes,1993
2008, Himachal Pradesh,Inmates taken on remand and for other purposes,64
2008, Punjab,Inmates taken on remand and for other purposes,3148
2008,Chandigarh,Inmates taken on remand and for other purposes,46
2008, Uttarakhand,Inmates taken on remand and for other purposes,425
2008, Haryana,Inmates taken on remand and for other purposes,526
2008,Delhi,Inmates taken on remand and for other purposes,1158
2008, Rajasthan,Inmates taken on remand and for other purposes,3718
2008, Uttar Pradesh,Inmates taken on remand and for other purposes,3542
2008, Bihar,Inmates taken on remand and for other purposes,503
2008, Sikkim,Inmates taken on remand and for other purposes,7
2008, Nagaland,Inmates taken on remand and for other purposes,0
2008, Manipur,Inmates taken on remand and for other purposes,3
2008, Mizoram,Inmates taken on remand and for other purposes,3
2008, Tripura,Inmates taken on remand and for other purposes,63
2008, Meghalaya,Inmates taken on remand and for other purposes,101
2008, Assam,Inmates taken on remand and for other purposes,705
2008, West Bengal,Inmates taken on remand and for other purposes,5700
2008, Jharkhand,Inmates taken on remand and for other purposes,565
2008, Odisha,Inmates taken on remand and for other purposes,73
2008, Chhattisgarh,Inmates taken on remand and for other purposes,76
2008, Madhya Pradesh,Inmates taken on remand and for other purposes,521
2008, Gujarat,Inmates taken on remand and for other purposes,1391
2008,Daman & Diu,Inmates taken on remand and for other purposes,0
2008,Dadra & Nagar Haveli,Inmates taken on remand and for other purposes,3
2008, Maharashtra,Inmates taken on remand and for other purposes,18602
2008, Andhra Pradesh,Inmates taken on remand and for other purposes,17263
2008, Karnataka,Inmates taken on remand and for other purposes,2
2008, Goa,Inmates taken on remand and for other purposes,1133
2008,Lakshadweep,Inmates taken on remand and for other purposes,0
2008, Kerala,Inmates taken on remand and for other purposes,8966
2008, Tamil Nadu,Inmates taken on remand and for other purposes,29524
2008,Puducherry,Inmates taken on remand and for other purposes,0
2008,Andaman & Nicobar Islands,Inmates taken on remand and for other purposes,0
2009, Punjab,Number of times inmates taken to courts,1923
2009,Chandigarh,Number of times inmates taken to courts,13625
2009, Uttarakhand,Number of times inmates taken to courts,12910
2009, Haryana,Number of times inmates taken to courts,127153
2009,Delhi,Number of times inmates taken to courts,223485
2009, Rajasthan,Number of times inmates taken to courts,57218
2009, Uttar Pradesh,Number of times inmates taken to courts,74557
2009, Bihar,Number of times inmates taken to courts,395279
2009, Sikkim,Number of times inmates taken to courts,3755
2009, Arunachal Pradesh,Number of times inmates taken to courts,14
2009, Nagaland,Number of times inmates taken to courts,291
2009, Manipur,Number of times inmates taken to courts,297
2009, Mizoram,Number of times inmates taken to courts,297
2009, Jammu & Kashmir,Number of times inmates taken for medical attendance,13051
2009, Himachal Pradesh,Number of times inmates taken for medical attendance,5756
2009, Punjab,Number of times inmates taken for medical attendance,1344
2009,Chandigarh,Number of times inmates taken for medical attendance,1825
2009, Uttarakhand,Number of times inmates taken for medical attendance,65356
2009, Haryana,Number of times inmates taken for medical attendance,14310
2009,Delhi,Number of times inmates taken for medical attendance,291898
2009, Rajasthan,Number of times inmates taken for medical attendance,16148
2009, Uttar Pradesh,Number of times inmates taken for medical attendance,12263
2009, Bihar,Number of times inmates taken for medical attendance,12540
2009, Sikkim,Number of times inmates taken for medical attendance,620
2009, Arunachal Pradesh,Number of times inmates taken for medical attendance,7
2009, Nagaland,Number of times inmates taken for medical attendance,40
2009, Manipur,Number of times inmates taken for medical attendance,469
2009, Mizoram,Number of times inmates taken for medical attendance,469
2009, Tripura,Number of times inmates taken for medical attendance,1382
2009, Meghalaya,Number of times inmates taken for medical attendance,210
2009, Assam,Number of times inmates taken for medical attendance,3914
2009, West Bengal,Number of times inmates taken for medical attendance,37100
2009, Jharkhand,Number of times inmates taken for medical attendance,4980
2009, Odisha,Number of times inmates taken for medical attendance,1584
2009, Chhattisgarh,Number of times inmates taken for medical attendance,28955
2009, Madhya Pradesh,Number of times inmates taken for medical attendance,64482
2009, Gujarat,Number of times inmates taken for medical attendance,23338
2009,Daman & Diu,Number of times inmates taken for medical attendance,93
2009,Dadra & Nagar Haveli,Number of times inmates taken for medical attendance,204
2009, Maharashtra,Number of times inmates taken for medical attendance,40205
2009, Andhra Pradesh,Number of times inmates taken for medical attendance,65989
2009, Karnataka,Number of times inmates taken for medical attendance,678
2009, Goa,Number of times inmates taken for medical attendance,5864
2009,Lakshadweep,Number of times inmates taken for medical attendance,0
2009, Kerala,Number of times inmates taken for medical attendance,25785
2009, Tamil Nadu,Number of times inmates taken for medical attendance,12063
2009,Puducherry,Number of times inmates taken for medical attendance,1307
2009,Andaman & Nicobar Islands,Number of times inmates taken for medical attendance,692
2010, Jammu & Kashmir,Number of times inmates taken for medical attendance,3308
2010, Himachal Pradesh,Number of times inmates taken for medical attendance,4849
2010, Punjab,Number of times inmates taken for medical attendance,1887
2010,Chandigarh,Number of times inmates taken for medical attendance,2362
2010, Uttarakhand,Number of times inmates taken for medical attendance,63705
2010, Haryana,Number of times inmates taken for medical attendance,54223
2010,Delhi,Number of times inmates taken for medical attendance,279055
2010, Rajasthan,Number of times inmates taken for medical attendance,14888
2010, Uttar Pradesh,Number of times inmates taken for medical attendance,12097
2010, Bihar,Number of times inmates taken for medical attendance,12405
2010, Sikkim,Number of times inmates taken for medical attendance,330
2010, Arunachal Pradesh,Number of times inmates taken for medical attendance,48
2010, Nagaland,Number of times inmates taken for medical attendance,30
2010, Manipur,Number of times inmates taken for medical attendance,317
2010, Mizoram,Number of times inmates taken for medical attendance,556
2010, Tripura,Number of times inmates taken for medical attendance,1315
2010, Meghalaya,Number of times inmates taken for medical attendance,170
2010, Assam,Number of times inmates taken for medical attendance,3777
2010, West Bengal,Number of times inmates taken for medical attendance,38150
2010, Jharkhand,Number of times inmates taken for medical attendance,4031
2010, Odisha,Number of times inmates taken for medical attendance,1809
2010, Chhattisgarh,Number of times inmates taken for medical attendance,21123
2010, Madhya Pradesh,Number of times inmates taken for medical attendance,58888
2010, Gujarat,Number of times inmates taken for medical attendance,22987
2010,Daman & Diu,Number of times inmates taken for medical attendance,102
2010,Dadra & Nagar Haveli,Number of times inmates taken for medical attendance,112
2010, Maharashtra,Number of times inmates taken for medical attendance,47696
2010, Andhra Pradesh,Number of times inmates taken for medical attendance,51198
2010, Karnataka,Number of times inmates taken for medical attendance,311
2010, Goa,Number of times inmates taken for medical attendance,7192
2010,Lakshadweep,Number of times inmates taken for medical attendance,11
2010, Kerala,Number of times inmates taken for medical attendance,27983
2010, Tamil Nadu,Number of times inmates taken for medical attendance,12890
2010,Puducherry,Number of times inmates taken for medical attendance,1249
2010,Andaman & Nicobar Islands,Number of times inmates taken for medical attendance,189
2009, Jammu & Kashmir,Number of times inmates taken to courts,38765
2009, Himachal Pradesh,Number of times inmates taken to courts,25626
2009, Tripura,Number of times inmates taken to courts,2260
2009, Meghalaya,Number of times inmates taken to courts,3280
2009, Assam,Number of times inmates taken to courts,23446
2009, West Bengal,Number of times inmates taken to courts,147050
2009, Jharkhand,Number of times inmates taken to courts,207452
2009, Odisha,Number of times inmates taken to courts,25773
2009, Chhattisgarh,Number of times inmates taken to courts,113811
2009, Madhya Pradesh,Number of times inmates taken to courts,102222
2009, Gujarat,Number of times inmates taken to courts,149053
2009,Daman & Diu,Number of times inmates taken to courts,165
2009,Dadra & Nagar Haveli,Number of times inmates taken to courts,908
2009, Maharashtra,Number of times inmates taken to courts,377308
2009, Andhra Pradesh,Number of times inmates taken to courts,174858
2009, Karnataka,Number of times inmates taken to courts,68726
2009, Goa,Number of times inmates taken to courts,9983
2009,Lakshadweep,Number of times inmates taken to courts,6
2009, Kerala,Number of times inmates taken to courts,172274
2009, Tamil Nadu,Number of times inmates taken to courts,77828
2009,Puducherry,Number of times inmates taken to courts,5824
2009,Andaman & Nicobar Islands,Number of times inmates taken to courts,4116
2010, Jammu & Kashmir,Number of times inmates taken to courts,37164
2010, Himachal Pradesh,Number of times inmates taken to courts,27590
2010, Punjab,Number of times inmates taken to courts,3127
2010,Chandigarh,Number of times inmates taken to courts,11516
2010, Uttarakhand,Number of times inmates taken to courts,14163
2010, Haryana,Number of times inmates taken to courts,179051
2010,Delhi,Number of times inmates taken to courts,232616
2010, Rajasthan,Number of times inmates taken to courts,74401
2010, Uttar Pradesh,Number of times inmates taken to courts,73549
2010, Bihar,Number of times inmates taken to courts,392973
2010, Sikkim,Number of times inmates taken to courts,2854
2010, Arunachal Pradesh,Number of times inmates taken to courts,26
2010, Nagaland,Number of times inmates taken to courts,249
2010, Manipur,Number of times inmates taken to courts,194
2010, Mizoram,Number of times inmates taken to courts,624
2010, Tripura,Number of times inmates taken to courts,2015
2010, Meghalaya,Number of times inmates taken to courts,3640
2010, Assam,Number of times inmates taken to courts,24391
2010, West Bengal,Number of times inmates taken to courts,149200
2010, Jharkhand,Number of times inmates taken to courts,170185
2010, Odisha,Number of times inmates taken to courts,29321
2010, Chhattisgarh,Number of times inmates taken to courts,134426
2010, Madhya Pradesh,Number of times inmates taken to courts,137035
2010, Gujarat,Number of times inmates taken to courts,180470
2010,Daman & Diu,Number of times inmates taken to courts,171
2010,Dadra & Nagar Haveli,Number of times inmates taken to courts,781
2010, Maharashtra,Number of times inmates taken to courts,328268
2010, Andhra Pradesh,Number of times inmates taken to courts,186182
2010, Karnataka,Number of times inmates taken to courts,76424
2010, Goa,Number of times inmates taken to courts,9527
2010,Lakshadweep,Number of times inmates taken to courts,24
2010, Kerala,Number of times inmates taken to courts,167321
2010, Tamil Nadu,Number of times inmates taken to courts,74409
2010,Puducherry,Number of times inmates taken to courts,7520
2010,Andaman & Nicobar Islands,Number of times inmates taken to courts,6189
2009, Jammu & Kashmir,Inmates taken on remand and for other purposes,2372
2009, Himachal Pradesh,Inmates taken on remand and for other purposes,50
2009, Punjab,Inmates taken on remand and for other purposes,3152
2009,Chandigarh,Inmates taken on remand and for other purposes,32
2009, Uttarakhand,Inmates taken on remand and for other purposes,179
2009, Haryana,Inmates taken on remand and for other purposes,580
2009,Delhi,Inmates taken on remand and for other purposes,1216
2009, Rajasthan,Inmates taken on remand and for other purposes,3927
2009, Uttar Pradesh,Inmates taken on remand and for other purposes,5603
2009, Bihar,Inmates taken on remand and for other purposes,417
2009, Sikkim,Inmates taken on remand and for other purposes,10
2009, Arunachal Pradesh,Inmates taken on remand and for other purposes,28
2009, Nagaland,Inmates taken on remand and for other purposes,0
2009, Manipur,Inmates taken on remand and for other purposes,1
2009, Mizoram,Inmates taken on remand and for other purposes,1
2009, Tripura,Inmates taken on remand and for other purposes,541
2009, Meghalaya,Inmates taken on remand and for other purposes,185
2009, Assam,Inmates taken on remand and for other purposes,569
2009, West Bengal,Inmates taken on remand and for other purposes,5750
2009, Jharkhand,Inmates taken on remand and for other purposes,597
2009, Odisha,Inmates taken on remand and for other purposes,228
2009, Chhattisgarh,Inmates taken on remand and for other purposes,74
2009, Madhya Pradesh,Inmates taken on remand and for other purposes,480
2009, Gujarat,Inmates taken on remand and for other purposes,2945
2009,Daman & Diu,Inmates taken on remand and for other purposes,0
2009,Dadra & Nagar Haveli,Inmates taken on remand and for other purposes,1
2009, Maharashtra,Inmates taken on remand and for other purposes,22650
2009, Andhra Pradesh,Inmates taken on remand and for other purposes,10254
2009, Karnataka,Inmates taken on remand and for other purposes,5
2009, Goa,Inmates taken on remand and for other purposes,995
2009,Lakshadweep,Inmates taken on remand and for other purposes,0
2009, Kerala,Inmates taken on remand and for other purposes,25377
2009, Tamil Nadu,Inmates taken on remand and for other purposes,39372
2009,Puducherry,Inmates taken on remand and for other purposes,38
2009,Andaman & Nicobar Islands,Inmates taken on remand and for other purposes,0
2010, Jammu & Kashmir,Inmates taken on remand and for other purposes,10203
2010, Himachal Pradesh,Inmates taken on remand and for other purposes,71
2010, Punjab,Inmates taken on remand and for other purposes,1850
2010,Chandigarh,Inmates taken on remand and for other purposes,24
2010, Uttarakhand,Inmates taken on remand and for other purposes,127
2010, Haryana,Inmates taken on remand and for other purposes,736
2010,Delhi,Inmates taken on remand and for other purposes,2051
2010, Rajasthan,Inmates taken on remand and for other purposes,5895
2010, Uttar Pradesh,Inmates taken on remand and for other purposes,5527
2010, Bihar,Inmates taken on remand and for other purposes,433
2010, Sikkim,Inmates taken on remand and for other purposes,9
2010, Arunachal Pradesh,Inmates taken on remand and for other purposes,174
2010, Nagaland,Inmates taken on remand and for other purposes,1
2010, Manipur,Inmates taken on remand and for other purposes,7
2010, Mizoram,Inmates taken on remand and for other purposes,54
2010, Tripura,Inmates taken on remand and for other purposes,496
2010, Meghalaya,Inmates taken on remand and for other purposes,271
2010, Assam,Inmates taken on remand and for other purposes,564
2010, West Bengal,Inmates taken on remand and for other purposes,5700
2010, Jharkhand,Inmates taken on remand and for other purposes,709
2010, Odisha,Inmates taken on remand and for other purposes,274
2010, Chhattisgarh,Inmates taken on remand and for other purposes,97
2010, Madhya Pradesh,Inmates taken on remand and for other purposes,466
2010, Gujarat,Inmates taken on remand and for other purposes,4364
2010,Daman & Diu,Inmates taken on remand and for other purposes,0
2010,Dadra & Nagar Haveli,Inmates taken on remand and for other purposes,0
2010, Maharashtra,Inmates taken on remand and for other purposes,19951
2010, Andhra Pradesh,Inmates taken on remand and for other purposes,13805
2010, Karnataka,Inmates taken on remand and for other purposes,47
2010, Goa,Inmates taken on remand and for other purposes,728
2010,Lakshadweep,Inmates taken on remand and for other purposes,0
2010, Kerala,Inmates taken on remand and for other purposes,23735
2010, Tamil Nadu,Inmates taken on remand and for other purposes,34854
2010,Puducherry,Inmates taken on remand and for other purposes,52
2010,Andaman & Nicobar Islands,Inmates taken on remand and for other purposes,1
